Workbook
Name AMOUNTALORLUNAS24: #REF!
Name AMOUNTALOROTS24: #REF!
Name AMT_BTN_LUNAS24: [1]LUNAS!$K$1:$K$65536
Name AMT_BTN_OTS24: [1]OTS!$K$1:$K$65536
Name AMT_LBJ_LUNAS24: [2]LUNAS!$K$1:$K$65536
Name AMT_LBJ_OTS24: [2]OTS!$K$1:$K$65536
Name AMT_LKA_LUNAS24: [3]LUNAS!$K$1:$K$65536
Name AMT_LKA_OTS24: [3]OTS!$K$1:$K$65536
Name DATE_BTN_LUNAS24: [1]LUNAS!$C$1:$C$65536
Name DATE_BTN_OTS24: [1]OTS!$C$1:$C$65536
Name DATE_LBJ_LUNAS24: [2]LUNAS!$C$1:$C$65536
Name DATE_LBJ_OTS24: [2]OTS!$C$1:$C$65536
Name DATE_LKA_LUNAS24: [3]LUNAS!$C$1:$C$65536
Name DATE_LKA_OTS24: [3]OTS!$C$1:$C$65536
Name DATEALORLUNAS24: #REF!
Name DATEALOROTS24: #REF!

Sheet ALOR 2026
A1: TOTAL | C1: SETORAN BANK | F1: =SUBTOTAL(9,F3:F405) -> 263506486
A2: Hari | B2: Tanggal | C2: BRI | D2: BNI | E2: LAINNYA | F2: TOTAL SETORAN
A3: 46023 | B3: 46023 | F3: =SUM('ALOR 2026'!$C3:$E3) -> 0
A4: 46024 | B4: 46024 | F4: =SUM('ALOR 2026'!$C4:$E4) -> 0
A5: 46025 | B5: 46025 | F5: =SUM('ALOR 2026'!$C5:$E5) -> 0
A6: 46026 | B6: 46026 | F6: =SUM('ALOR 2026'!$C6:$E6) -> 0
A7: 46027 | B7: 46027 | C7: =9374682+1933825+12860304+1236150 -> 25404961 | F7: =SUM('ALOR 2026'!$C7:$E7) -> 25404961
A8: 46028 | B8: 46028 | F8: =SUM('ALOR 2026'!$C8:$E8) -> 0
A9: 46029 | B9: 46029 | F9: =SUM('ALOR 2026'!$C9:$E9) -> 0
A10: 46030 | B10: 46030 | C10: =14157107+8984468 -> 23141575 | F10: =SUM('ALOR 2026'!$C10:$E10) -> 23141575
A11: 46031 | B11: 46031 | C11: =5648896 -> 5648896 | F11: =SUM('ALOR 2026'!$C11:$E11) -> 5648896
A12: 46032 | B12: 46032 | F12: =SUM('ALOR 2026'!$C12:$E12) -> 0
A13: 46033 | B13: 46033 | F13: =SUM('ALOR 2026'!$C13:$E13) -> 0
A14: 46034 | B14: 46034 | F14: =SUM('ALOR 2026'!$C14:$E14) -> 0
A15: 46035 | B15: 46035 | C15: =11902982+7561415 -> 19464397 | F15: =SUM('ALOR 2026'!$C15:$E15) -> 19464397
A16: 46036 | B16: 46036 | F16: =SUM('ALOR 2026'!$C16:$E16) -> 0
A17: 46037 | B17: 46037 | C17: =6841540 -> 6841540 | F17: =SUM('ALOR 2026'!$C17:$E17) -> 6841540
A18: 46038 | B18: 46038 | F18: =SUM('ALOR 2026'!$C18:$E18) -> 0
A19: 46039 | B19: 46039 | F19: =SUM('ALOR 2026'!$C19:$E19) -> 0
A20: 46040 | B20: 46040 | F20: =SUM('ALOR 2026'!$C20:$E20) -> 0
A21: 46041 | B21: 46041 | C21: =10419756+2010173 -> 12429929 | F21: =SUM('ALOR 2026'!$C21:$E21) -> 12429929
A22: 46042 | B22: 46042 | F22: =SUM('ALOR 2026'!$C22:$E22) -> 0
A23: 46043 | B23: 46043 | F23: =SUM('ALOR 2026'!$C23:$E23) -> 0
A24: 46044 | B24: 46044 | F24: =SUM('ALOR 2026'!$C24:$E24) -> 0
A25: 46045 | B25: 46045 | C25: =4683000+1287000 -> 5970000 | F25: =SUM('ALOR 2026'!$C25:$E25) -> 5970000
A26: 46046 | B26: 46046 | F26: =SUM('ALOR 2026'!$C26:$E26) -> 0
A27: 46047 | B27: 46047 | F27: =SUM('ALOR 2026'!$C27:$E27) -> 0
A28: 46048 | B28: 46048 | F28: =SUM('ALOR 2026'!$C28:$E28) -> 0
A29: 46049 | B29: 46049 | C29: =3153000 -> 3153000 | F29: =SUM('ALOR 2026'!$C29:$E29) -> 3153000
A30: 46050 | B30: 46050 | F30: =SUM('ALOR 2026'!$C30:$E30) -> 0
A31: 46051 | B31: 46051 | C31: =28428832 -> 28428832 | F31: =SUM('ALOR 2026'!$C31:$E31) -> 28428832
A32: 46052 | B32: 46052 | C32: =3821564 -> 3821564 | F32: =SUM('ALOR 2026'!$C32:$E32) -> 3821564
A33: 46053 | B33: 46053 | F33: =SUM('ALOR 2026'!$C33:$E33) -> 0
A34: 46054 | B34: 46054 | F34: =SUM('ALOR 2026'!$C34:$E34) -> 0
A35: 46055 | B35: 46055 | C35: =16033853+3589475+3938665 -> 23561993 | F35: =SUM('ALOR 2026'!$C35:$E35) -> 23561993
A36: 46056 | B36: 46056 | F36: =SUM('ALOR 2026'!$C36:$E36) -> 0
A37: 46057 | B37: 46057 | C37: =17537706 -> 17537706 | F37: =SUM('ALOR 2026'!$C37:$E37) -> 17537706
A38: 46058 | B38: 46058 | F38: =SUM('ALOR 2026'!$C38:$E38) -> 0
A39: 46059 | B39: 46059 | C39: =7535467 -> 7535467 | F39: =SUM('ALOR 2026'!$C39:$E39) -> 7535467
A40: 46060 | B40: 46060 | F40: =SUM('ALOR 2026'!$C40:$E40) -> 0
A41: 46061 | B41: 46061 | F41: =SUM('ALOR 2026'!$C41:$E41) -> 0
A42: 46062 | B42: 46062 | F42: =SUM('ALOR 2026'!$C42:$E42) -> 0
A43: 46063 | B43: 46063 | C43: =10736896 -> 10736896 | F43: =SUM('ALOR 2026'!$C43:$E43) -> 10736896
A44: 46064 | B44: 46064 | F44: =SUM('ALOR 2026'!$C44:$E44) -> 0
A45: 46065 | B45: 46065 | C45: =16407495 -> 16407495 | F45: =SUM('ALOR 2026'!$C45:$E45) -> 16407495
A46: 46066 | B46: 46066 | C46: =6745651 -> 6745651 | F46: =SUM('ALOR 2026'!$C46:$E46) -> 6745651
A47: 46067 | B47: 46067 | F47: =SUM('ALOR 2026'!$C47:$E47) -> 0
A48: 46068 | B48: 46068 | F48: =SUM('ALOR 2026'!$C48:$E48) -> 0
A49: 46069 | B49: 46069 | F49: =SUM('ALOR 2026'!$C49:$E49) -> 0
A50: 46070 | B50: 46070 | F50: =SUM('ALOR 2026'!$C50:$E50) -> 0
A51: 46071 | B51: 46071 | F51: =SUM('ALOR 2026'!$C51:$E51) -> 0
A52: 46072 | B52: 46072 | C52: =18282781 -> 18282781 | F52: =SUM('ALOR 2026'!$C52:$E52) -> 18282781
A53: 46073 | B53: 46073 | C53: =6955671 -> 6955671 | F53: =SUM('ALOR 2026'!$C53:$E53) -> 6955671
A54: 46074 | B54: 46074 | F54: =SUM('ALOR 2026'!$C54:$E54) -> 0
A55: 46075 | B55: 46075 | F55: =SUM('ALOR 2026'!$C55:$E55) -> 0
A56: 46076 | B56: 46076 | C56: =6277362 -> 6277362 | F56: =SUM('ALOR 2026'!$C56:$E56) -> 6277362
A57: 46077 | B57: 46077 | F57: =SUM('ALOR 2026'!$C57:$E57) -> 0
A58: 46078 | B58: 46078 | C58: =7811915 -> 7811915 | F58: =SUM('ALOR 2026'!$C58:$E58) -> 7811915
A59: 46079 | B59: 46079 | F59: =SUM('ALOR 2026'!$C59:$E59) -> 0
A60: 46080 | B60: 46080 | C60: =877300+6471555 -> 7348855 | F60: =SUM('ALOR 2026'!$C60:$E60) -> 7348855
A61: 46081 | B61: 46081 | F61: =SUM('ALOR 2026'!$C61:$E61) -> 0
A62: 46082 | B62: 46082 | F62: =SUM('ALOR 2026'!$C62:$E62) -> 0
A63: 46083 | B63: 46083 | F63: =SUM('ALOR 2026'!$C63:$E63) -> 0
A64: 46084 | B64: 46084 | F64: =SUM('ALOR 2026'!$C64:$E64) -> 0
A65: 46085 | B65: 46085 | F65: =SUM('ALOR 2026'!$C65:$E65) -> 0
A66: 46086 | B66: 46086 | F66: =SUM('ALOR 2026'!$C66:$E66) -> 0
A67: 46087 | B67: 46087 | F67: =SUM('ALOR 2026'!$C67:$E67) -> 0
A68: 46088 | B68: 46088 | F68: =SUM('ALOR 2026'!$C68:$E68) -> 0
A69: 46089 | B69: 46089 | F69: =SUM('ALOR 2026'!$C69:$E69) -> 0
A70: 46090 | B70: 46090 | F70: =SUM('ALOR 2026'!$C70:$E70) -> 0
A71: 46091 | B71: 46091 | F71: =SUM('ALOR 2026'!$C71:$E71) -> 0
A72: 46092 | B72: 46092 | F72: =SUM('ALOR 2026'!$C72:$E72) -> 0
... A405: 46425 | B405: 46425 | F405: =SUM('ALOR 2026'!$C405:$E405) -> 0

Sheet ATAMBUA 2026
A1: TOTAL | C1: SETORAN BANK | F1: =SUBTOTAL(9,F3:F393) -> 338220541
A2: Hari | B2: Tanggal | C2: BRI | D2: BNI | E2: LAINNYA | F2: TOTAL SETORAN
A3: 46023 | B3: 46023 | F3: =SUM('ATAMBUA 2026'!$C3:$E3) -> 0
A4: 46024 | B4: 46024 | D4: =5756702 -> 5756702 | F4: =SUM('ATAMBUA 2026'!$C4:$E4) -> 5756702
A5: 46025 | B5: 46025 | F5: =SUM('ATAMBUA 2026'!$C5:$E5) -> 0
A6: 46026 | B6: 46026 | F6: =SUM('ATAMBUA 2026'!$C6:$E6) -> 0
A7: 46027 | B7: 46027 | D7: =18593993 -> 18593993 | F7: =SUM('ATAMBUA 2026'!$C7:$E7) -> 18593993
A8: 46028 | B8: 46028 | F8: =SUM('ATAMBUA 2026'!$C8:$E8) -> 0
A9: 46029 | B9: 46029 | D9: =10515492 -> 10515492 | F9: =SUM('ATAMBUA 2026'!$C9:$E9) -> 10515492
A10: 46030 | B10: 46030 | F10: =SUM('ATAMBUA 2026'!$C10:$E10) -> 0
A11: 46031 | B11: 46031 | D11: =13798443 -> 13798443 | F11: =SUM('ATAMBUA 2026'!$C11:$E11) -> 13798443
A12: 46032 | B12: 46032 | F12: =SUM('ATAMBUA 2026'!$C12:$E12) -> 0
A13: 46033 | B13: 46033 | F13: =SUM('ATAMBUA 2026'!$C13:$E13) -> 0
A14: 46034 | B14: 46034 | D14: =21080767 -> 21080767 | F14: =SUM('ATAMBUA 2026'!$C14:$E14) -> 21080767
A15: 46035 | B15: 46035 | F15: =SUM('ATAMBUA 2026'!$C15:$E15) -> 0
A16: 46036 | B16: 46036 | D16: =10518492 -> 10518492 | F16: =SUM('ATAMBUA 2026'!$C16:$E16) -> 10518492
A17: 46037 | B17: 46037 | D17: =4273153 -> 4273153 | F17: =SUM('ATAMBUA 2026'!$C17:$E17) -> 4273153
A18: 46038 | B18: 46038 | D18: =100000 -> 100000 | F18: =SUM('ATAMBUA 2026'!$C18:$E18) -> 100000
A19: 46039 | B19: 46039 | F19: =SUM('ATAMBUA 2026'!$C19:$E19) -> 0
A20: 46040 | B20: 46040 | F20: =SUM('ATAMBUA 2026'!$C20:$E20) -> 0
A21: 46041 | B21: 46041 | D21: =22356760 -> 22356760 | F21: =SUM('ATAMBUA 2026'!$C21:$E21) -> 22356760
A22: 46042 | B22: 46042 | F22: =SUM('ATAMBUA 2026'!$C22:$E22) -> 0
A23: 46043 | B23: 46043 | D23: =11621041 -> 11621041 | F23: =SUM('ATAMBUA 2026'!$C23:$E23) -> 11621041
A24: 46044 | B24: 46044 | F24: =SUM('ATAMBUA 2026'!$C24:$E24) -> 0
A25: 46045 | B25: 46045 | D25: =21328140 -> 21328140 | F25: =SUM('ATAMBUA 2026'!$C25:$E25) -> 21328140
A26: 46046 | B26: 46046 | F26: =SUM('ATAMBUA 2026'!$C26:$E26) -> 0
A27: 46047 | B27: 46047 | F27: =SUM('ATAMBUA 2026'!$C27:$E27) -> 0
A28: 46048 | B28: 46048 | D28: =25567350 -> 25567350 | F28: =SUM('ATAMBUA 2026'!$C28:$E28) -> 25567350
A29: 46049 | B29: 46049 | F29: =SUM('ATAMBUA 2026'!$C29:$E29) -> 0
A30: 46050 | B30: 46050 | D30: =12064679 -> 12064679 | F30: =SUM('ATAMBUA 2026'!$C30:$E30) -> 12064679
A31: 46051 | B31: 46051 | D31: =3347000 -> 3347000 | F31: =SUM('ATAMBUA 2026'!$C31:$E31) -> 3347000
A32: 46052 | B32: 46052 | D32: =9436611 -> 9436611 | F32: =SUM('ATAMBUA 2026'!$C32:$E32) -> 9436611
A33: 46053 | B33: 46053 | F33: =SUM('ATAMBUA 2026'!$C33:$E33) -> 0
A34: 46054 | B34: 46054 | F34: =SUM('ATAMBUA 2026'!$C34:$E34) -> 0
A35: 46055 | B35: 46055 | D35: =15991113+540000 -> 16531113 | F35: =SUM('ATAMBUA 2026'!$C35:$E35) -> 16531113
A36: 46056 | B36: 46056 | F36: =SUM('ATAMBUA 2026'!$C36:$E36) -> 0
A37: 46057 | B37: 46057 | D37: =11838230 -> 11838230 | F37: =SUM('ATAMBUA 2026'!$C37:$E37) -> 11838230
A38: 46058 | B38: 46058 | F38: =SUM('ATAMBUA 2026'!$C38:$E38) -> 0
A39: 46059 | B39: 46059 | D39: =7273385 -> 7273385 | F39: =SUM('ATAMBUA 2026'!$C39:$E39) -> 7273385
A40: 46060 | B40: 46060 | F40: =SUM('ATAMBUA 2026'!$C40:$E40) -> 0
A41: 46061 | B41: 46061 | F41: =SUM('ATAMBUA 2026'!$C41:$E41) -> 0
A42: 46062 | B42: 46062 | D42: =17884332 -> 17884332 | F42: =SUM('ATAMBUA 2026'!$C42:$E42) -> 17884332
A43: 46063 | B43: 46063 | F43: =SUM('ATAMBUA 2026'!$C43:$E43) -> 0
A44: 46064 | B44: 46064 | D44: =15529237 -> 15529237 | F44: =SUM('ATAMBUA 2026'!$C44:$E44) -> 15529237
A45: 46065 | B45: 46065 | F45: =SUM('ATAMBUA 2026'!$C45:$E45) -> 0
A46: 46066 | B46: 46066 | D46: =10969075 -> 10969075 | F46: =SUM('ATAMBUA 2026'!$C46:$E46) -> 10969075
A47: 46067 | B47: 46067 | F47: =SUM('ATAMBUA 2026'!$C47:$E47) -> 0
A48: 46068 | B48: 46068 | F48: =SUM('ATAMBUA 2026'!$C48:$E48) -> 0
A49: 46069 | B49: 46069 | D49: =9810846 -> 9810846 | F49: =SUM('ATAMBUA 2026'!$C49:$E49) -> 9810846
A50: 46070 | B50: 46070 | F50: =SUM('ATAMBUA 2026'!$C50:$E50) -> 0
A51: 46071 | B51: 46071 | D51: =13276780 -> 13276780 | F51: =SUM('ATAMBUA 2026'!$C51:$E51) -> 13276780
A52: 46072 | B52: 46072 | F52: =SUM('ATAMBUA 2026'!$C52:$E52) -> 0
A53: 46073 | B53: 46073 | D53: =12017800 -> 12017800 | F53: =SUM('ATAMBUA 2026'!$C53:$E53) -> 12017800
A54: 46074 | B54: 46074 | F54: =SUM('ATAMBUA 2026'!$C54:$E54) -> 0
A55: 46075 | B55: 46075 | F55: =SUM('ATAMBUA 2026'!$C55:$E55) -> 0
A56: 46076 | B56: 46076 | D56: =13500785 -> 13500785 | F56: =SUM('ATAMBUA 2026'!$C56:$E56) -> 13500785
A57: 46077 | B57: 46077 | F57: =SUM('ATAMBUA 2026'!$C57:$E57) -> 0
A58: 46078 | B58: 46078 | D58: =8575385 -> 8575385 | F58: =SUM('ATAMBUA 2026'!$C58:$E58) -> 8575385
A59: 46079 | B59: 46079 | F59: =SUM('ATAMBUA 2026'!$C59:$E59) -> 0
A60: 46080 | B60: 46080 | D60: =10654950 -> 10654950 | F60: =SUM('ATAMBUA 2026'!$C60:$E60) -> 10654950
A61: 46081 | B61: 46081 | F61: =SUM('ATAMBUA 2026'!$C61:$E61) -> 0
A62: 46082 | B62: 46082 | F62: =SUM('ATAMBUA 2026'!$C62:$E62) -> 0
A63: 46083 | B63: 46083 | F63: =SUM('ATAMBUA 2026'!$C63:$E63) -> 0
A64: 46084 | B64: 46084 | F64: =SUM('ATAMBUA 2026'!$C64:$E64) -> 0
A65: 46085 | B65: 46085 | F65: =SUM('ATAMBUA 2026'!$C65:$E65) -> 0
A66: 46086 | B66: 46086 | F66: =SUM('ATAMBUA 2026'!$C66:$E66) -> 0
A67: 46087 | B67: 46087 | F67: =SUM('ATAMBUA 2026'!$C67:$E67) -> 0
A68: 46088 | B68: 46088 | F68: =SUM('ATAMBUA 2026'!$C68:$E68) -> 0
A69: 46089 | B69: 46089 | F69: =SUM('ATAMBUA 2026'!$C69:$E69) -> 0
A70: 46090 | B70: 46090 | F70: =SUM('ATAMBUA 2026'!$C70:$E70) -> 0
A71: 46091 | B71: 46091 | F71: =SUM('ATAMBUA 2026'!$C71:$E71) -> 0
A72: 46092 | B72: 46092 | F72: =SUM('ATAMBUA 2026'!$C72:$E72) -> 0
... A393: 46413 | B393: 46413 | F393: =SUM('ATAMBUA 2026'!$C393:$E393) -> 0

Sheet BETUN 2026
A1: TOTAL | C1: SETORAN BANK | F1: =SUBTOTAL(9,F3:F405) -> 129121890
A2: Hari | B2: Tanggal | C2: BRI | D2: BNI | E2: LAINNYA | F2: TOTAL SETORAN
A3: 46023 | B3: 46023 | F3: =SUM('BETUN 2026'!$C3:$E3) -> 0
A4: 46024 | B4: 46024 | D4: =378000+1947345+21000+1000000+21000+75000 -> 3442345 | F4: =SUM('BETUN 2026'!$C4:$E4) -> 3442345
A5: 46025 | B5: 46025 | F5: =SUM('BETUN 2026'!$C5:$E5) -> 0
A6: 46026 | B6: 46026 | C6: =79000 -> 79000 | D6: =63000+21000+50000 -> 134000 | F6: =SUM('BETUN 2026'!$C6:$E6) -> 213000
A7: 46027 | B7: 46027 | D7: =100000+4946545+44000+150000+11000+377600+21000+100000 -> 5750145 | F7: =SUM('BETUN 2026'!$C7:$E7) -> 5750145
A8: 46028 | B8: 46028 | C8: =270000 -> 270000 | D8: =103000+200000 -> 303000 | F8: =SUM('BETUN 2026'!$C8:$E8) -> 573000
A9: 46029 | B9: 46029 | D9: =400000+5576927+250000+21000+51000 -> 6298927 | F9: =SUM('BETUN 2026'!$C9:$E9) -> 6298927
A10: 46030 | B10: 46030 | C10: =11000 -> 11000 | D10: =50000+11000+300000+50000+63000 -> 474000 | F10: =SUM('BETUN 2026'!$C10:$E10) -> 485000
A11: 46031 | B11: 46031 | C11: =41000 -> 41000 | D11: =3439785+50000+41000+792000+50000 -> 4372785 | F11: =SUM('BETUN 2026'!$C11:$E11) -> 4413785
A12: 46032 | B12: 46032 | C12: =21000+183000 -> 204000 | D12: =21000+150000+150000+50000 -> 371000 | F12: =SUM('BETUN 2026'!$C12:$E12) -> 575000
A13: 46033 | B13: 46033 | C13: =21000 -> 21000 | D13: =100000+50000+21000+21000+250000 -> 442000 | F13: =SUM('BETUN 2026'!$C13:$E13) -> 463000
A14: 46034 | B14: 46034 | C14: =21000 -> 21000 | D14: =4536834+478775+21000+21000+63000+47000 -> 5167609 | F14: =SUM('BETUN 2026'!$C14:$E14) -> 5188609
A15: 46035 | B15: 46035 | C15: =42000+348700 -> 390700 | D15: =500000+62000+21000+21000 -> 604000 | F15: =SUM('BETUN 2026'!$C15:$E15) -> 994700
A16: 46036 | B16: 46036 | D16: =4148919+21000+250000+41000+42000 -> 4502919 | F16: =SUM('BETUN 2026'!$C16:$E16) -> 4502919
A17: 46037 | B17: 46037 | D17: =25000+21000+340800 -> 386800 | F17: =SUM('BETUN 2026'!$C17:$E17) -> 386800
A18: 46038 | B18: 46038 | D18: =21000+21000+21000+83000+21000 -> 167000 | F18: =SUM('BETUN 2026'!$C18:$E18) -> 167000
A19: 46039 | B19: 46039 | D19: =500000+21000+175000+202000 -> 898000 | F19: =SUM('BETUN 2026'!$C19:$E19) -> 898000
A20: 46040 | B20: 46040 | C20: =21000 -> 21000 | D20: =229000+21000+21000+21000+21000+21000+10000 -> 344000 | F20: =SUM('BETUN 2026'!$C20:$E20) -> 365000
A21: 46041 | B21: 46041 | D21: =7688981+50000+52000 -> 7790981 | F21: =SUM('BETUN 2026'!$C21:$E21) -> 7790981
A22: 46042 | B22: 46042 | D22: =100000+97000+205000 -> 402000 | F22: =SUM('BETUN 2026'!$C22:$E22) -> 402000
A23: 46043 | B23: 46043 | D23: =6600126+200000+97000+21000 -> 6918126 | F23: =SUM('BETUN 2026'!$C23:$E23) -> 6918126
A24: 46044 | B24: 46044 | D24: =700000+50000+21000+79000+21000 -> 871000 | F24: =SUM('BETUN 2026'!$C24:$E24) -> 871000
A25: 46045 | B25: 46045 | D25: =2135160+21000+21000+50000+102999 -> 2330159 | F25: =SUM('BETUN 2026'!$C25:$E25) -> 2330159
A26: 46046 | B26: 46046 | C26: =21000 -> 21000 | D26: =180000+100000 -> 280000 | F26: =SUM('BETUN 2026'!$C26:$E26) -> 301000
A27: 46047 | B27: 46047 | C27: =21000+21000+114000+21000 -> 177000 | D27: =21000+102000+69000+40000 -> 232000 | F27: =SUM('BETUN 2026'!$C27:$E27) -> 409000
A28: 46048 | B28: 46048 | D28: =5558455+625000+300000+21000+400000 -> 6904455 | F28: =SUM('BETUN 2026'!$C28:$E28) -> 6904455
A29: 46049 | B29: 46049 | D29: =21000+181000+21000 -> 223000 | F29: =SUM('BETUN 2026'!$C29:$E29) -> 223000
A30: 46050 | B30: 46050 | C30: =26000 -> 26000 | D30: =4885475+21000+45000+21000+21000 -> 4993475 | F30: =SUM('BETUN 2026'!$C30:$E30) -> 5019475
A31: 46051 | B31: 46051 | D31: =100000+21000 -> 121000 | F31: =SUM('BETUN 2026'!$C31:$E31) -> 121000
A32: 46052 | B32: 46052 | D32: =3264835+32000+21000+21000+41000+21000+21000+100000+21000+21000 -> 3563835 | F32: =SUM('BETUN 2026'!$C32:$E32) -> 3563835
A33: 46053 | B33: 46053 | D33: =230000+21000+21000+20000+21000 -> 313000 | F33: =SUM('BETUN 2026'!$C33:$E33) -> 313000
A34: 46054 | B34: 46054 | D34: =21000+150000 -> 171000 | F34: =SUM('BETUN 2026'!$C34:$E34) -> 171000
A35: 46055 | B35: 46055 | D35: =21000+5326279+303475+50000 -> 5700754 | F35: =SUM('BETUN 2026'!$C35:$E35) -> 5700754
A36: 46056 | B36: 46056 | D36: =21000+21000 -> 42000 | F36: =SUM('BETUN 2026'!$C36:$E36) -> 42000
A37: 46057 | B37: 46057 | C37: =90000 -> 90000 | D37: =3399648+42000+21000+21000 -> 3483648 | F37: =SUM('BETUN 2026'!$C37:$E37) -> 3573648
A38: 46058 | B38: 46058 | D38: =100000+21000+50000+21000 -> 192000 | F38: =SUM('BETUN 2026'!$C38:$E38) -> 192000
A39: 46059 | B39: 46059 | C39: =41000 -> 41000 | D39: =3312461+21000+21000+21000+40000+50000+20000+300000+279000+21000+44000 -> 4129461 | F39: =SUM('BETUN 2026'!$C39:$E39) -> 4170461
A40: 46060 | B40: 46060 | C40: =21000 -> 21000 | D40: =21000+41000+200000+39000 -> 301000 | F40: =SUM('BETUN 2026'!$C40:$E40) -> 322000
A41: 46061 | B41: 46061 | C41: =26000+41000+26000 -> 93000 | D41: =51000 -> 51000 | F41: =SUM('BETUN 2026'!$C41:$E41) -> 144000
A42: 46062 | B42: 46062 | D42: =21000+999000+21000+394000+20000+200000+750000 -> 2405000 | F42: =SUM('BETUN 2026'!$C42:$E42) -> 2405000
A43: 46063 | B43: 46063 | D43: =7215643+849000+21000+61000 -> 8146643 | F43: =SUM('BETUN 2026'!$C43:$E43) -> 8146643
A44: 46064 | B44: 46064 | C44: =21000 -> 21000 | D44: =1137400+150000+21000+31000+61000+21000 -> 1421400 | F44: =SUM('BETUN 2026'!$C44:$E44) -> 1442400
A45: 46065 | B45: 46065 | D45: =95000+21000+21000+42000 -> 179000 | F45: =SUM('BETUN 2026'!$C45:$E45) -> 179000
A46: 46066 | B46: 46066 | D46: =4644510+21000+21000+21000+21000+21000 -> 4749510 | F46: =SUM('BETUN 2026'!$C46:$E46) -> 4749510
A47: 46067 | B47: 46067 | D47: =21000+81000+21000+21000 -> 144000 | F47: =SUM('BETUN 2026'!$C47:$E47) -> 144000
A48: 46068 | B48: 46068 | D48: =21000+21000+44000+21000+23000 -> 130000 | F48: =SUM('BETUN 2026'!$C48:$E48) -> 130000
A49: 46069 | B49: 46069 | C49: =275000 -> 275000 | D49: =200000+101000+21000+26000 -> 348000 | F49: =SUM('BETUN 2026'!$C49:$E49) -> 623000
A50: 46070 | B50: 46070 | D50: =50000+82000+21000+21000+21000 -> 195000 | F50: =SUM('BETUN 2026'!$C50:$E50) -> 195000
A51: 46071 | B51: 46071 | C51: =26000 -> 26000 | D51: =5715925+1000+26000+459000+50000 -> 6251925 | F51: =SUM('BETUN 2026'!$C51:$E51) -> 6277925
A52: 46072 | B52: 46072 | C52: =69000 -> 69000 | D52: =21000+44000+130000+10000+21000+21000 -> 247000 | F52: =SUM('BETUN 2026'!$C52:$E52) -> 316000
A53: 46073 | B53: 46073 | C53: =26000 -> 26000 | D53: =61000+42000+50000 -> 153000 | F53: =SUM('BETUN 2026'!$C53:$E53) -> 179000
A54: 46074 | B54: 46074 | C54: =21000+21000 -> 42000 | D54: =21000 -> 21000 | F54: =SUM('BETUN 2026'!$C54:$E54) -> 63000
A55: 46075 | B55: 46075 | D55: =85000+21000+21000 -> 127000 | F55: =SUM('BETUN 2026'!$C55:$E55) -> 127000
A56: 46076 | B56: 46076 | C56: =47000+26000 -> 73000 | D56: =10385623+44000+21000+51000+21000+44000+21000 -> 10587623 | F56: =SUM('BETUN 2026'!$C56:$E56) -> 10660623
A57: 46077 | B57: 46077 | D57: =21000+50000+21000+21000+61000+41000+21000+21000+21000+21000 -> 299000 | F57: =SUM('BETUN 2026'!$C57:$E57) -> 299000
A58: 46078 | B58: 46078 | C58: =26000 -> 26000 | D58: =5635650+21000+21000+21000+21000+26000+50000+21000 -> 5816650 | F58: =SUM('BETUN 2026'!$C58:$E58) -> 5842650
A59: 46079 | B59: 46079 | C59: =26000 -> 26000 | D59: =21000+21000+21000+21000+21000 -> 105000 | F59: =SUM('BETUN 2026'!$C59:$E59) -> 131000
A60: 46080 | B60: 46080 | D60: =3011015 -> 3011015 | F60: =SUM('BETUN 2026'!$C60:$E60) -> 3011015
A61: 46081 | B61: 46081 | F61: =SUM('BETUN 2026'!$C61:$E61) -> 0
A62: 46082 | B62: 46082 | F62: =SUM('BETUN 2026'!$C62:$E62) -> 0
A63: 46083 | B63: 46083 | F63: =SUM('BETUN 2026'!$C63:$E63) -> 0
A64: 46084 | B64: 46084 | F64: =SUM('BETUN 2026'!$C64:$E64) -> 0
A65: 46085 | B65: 46085 | F65: =SUM('BETUN 2026'!$C65:$E65) -> 0
A66: 46086 | B66: 46086 | F66: =SUM('BETUN 2026'!$C66:$E66) -> 0
A67: 46087 | B67: 46087 | F67: =SUM('BETUN 2026'!$C67:$E67) -> 0
A68: 46088 | B68: 46088 | F68: =SUM('BETUN 2026'!$C68:$E68) -> 0
A69: 46089 | B69: 46089 | F69: =SUM('BETUN 2026'!$C69:$E69) -> 0
A70: 46090 | B70: 46090 | F70: =SUM('BETUN 2026'!$C70:$E70) -> 0
A71: 46091 | B71: 46091 | F71: =SUM('BETUN 2026'!$C71:$E71) -> 0
A72: 46092 | B72: 46092 | F72: =SUM('BETUN 2026'!$C72:$E72) -> 0
... A402: 46422 | B402: 46422 | F402: =SUM('BETUN 2026'!$C402:$E402) -> 0

Sheet KEFA 2026
A1: TOTAL | C1: SETORAN BANK | F1: =SUBTOTAL(9,F3:F400) -> 273973335
A2: Hari | B2: Tanggal | C2: BRI | D2: BNI | E2: LAINNYA | F2: TOTAL SETORAN
A3: 46023 | B3: 46023 | F3: =SUM('KEFA 2026'!$C3:$E3) -> 0
A4: 46024 | B4: 46024 | D4: =3552000+21000 -> 3573000 | F4: =SUM('KEFA 2026'!$C4:$E4) -> 3573000
A5: 46025 | B5: 46025 | C5: =999000+222000 -> 1221000 | F5: =SUM('KEFA 2026'!$C5:$E5) -> 1221000
A6: 46026 | B6: 46026 | C6: =21000 -> 21000 | F6: =SUM('KEFA 2026'!$C6:$E6) -> 21000
A7: 46027 | B7: 46027 | D7: =9561000 -> 9561000 | F7: =SUM('KEFA 2026'!$C7:$E7) -> 9561000
A8: 46028 | B8: 46028 | C8: =85000+21000+21000+318000+21000+21000 -> 487000 | F8: =SUM('KEFA 2026'!$C8:$E8) -> 487000
A9: 46029 | B9: 46029 | C9: =21000+21000+45000+21000+338000+21000+21000 -> 488000 | D9: =20524000 -> 20524000 | F9: =SUM('KEFA 2026'!$C9:$E9) -> 21012000
A10: 46030 | B10: 46030 | C10: =2010000+21000+21000+21000 -> 2073000 | F10: =SUM('KEFA 2026'!$C10:$E10) -> 2073000
A11: 46031 | B11: 46031 | C11: =26000+26000+115000+21000+62000+212000+21000 -> 483000 | D11: =8332000 -> 8332000 | E11: =145000+21000 -> 166000 | F11: =SUM('KEFA 2026'!$C11:$E11) -> 8981000
A12: 46032 | B12: 46032 | C12: =21000+21000+31000+21000+41000+21000 -> 156000 | F12: =SUM('KEFA 2026'!$C12:$E12) -> 156000
A13: 46033 | B13: 46033 | C13: =21000+131000+21000 -> 173000 | E13: =1450000 -> 1450000 | F13: =SUM('KEFA 2026'!$C13:$E13) -> 1623000
A14: 46034 | B14: 46034 | C14: =21000 -> 21000 | D14: =10744000 -> 10744000 | F14: =SUM('KEFA 2026'!$C14:$E14) -> 10765000
A15: 46035 | B15: 46035 | C15: =21000+101000+41000+42000+21000+475000+21000+44000+191000 -> 957000 | D15: =37000+214000 -> 251000 | F15: =SUM('KEFA 2026'!$C15:$E15) -> 1208000
A16: 46036 | B16: 46036 | C16: =21000+21000+41000+379000+999000+21000+41000+145000 -> 1668000 | D16: =8023000 -> 8023000 | F16: =SUM('KEFA 2026'!$C16:$E16) -> 9691000
A17: 46037 | B17: 46037 | C17: =42000+21000+230000+21000+42000+145000 -> 501000 | D17: =5157000+21000 -> 5178000 | E17: =21000 -> 21000 | F17: =SUM('KEFA 2026'!$C17:$E17) -> 5700000
A18: 46038 | B18: 46038 | C18: =21000+21000+3800000+21000+127000 -> 3990000 | F18: =SUM('KEFA 2026'!$C18:$E18) -> 3990000
A19: 46039 | B19: 46039 | C19: =257000+21000+21000+21000 -> 320000 | D19: =61000+26000 -> 87000 | F19: =SUM('KEFA 2026'!$C19:$E19) -> 407000
A20: 46040 | B20: 46040 | C20: =21000+42000+83000+21000+999000 -> 1166000 | F20: =SUM('KEFA 2026'!$C20:$E20) -> 1166000
A21: 46041 | B21: 46041 | C21: =26000+3239500+21000 -> 3286500 | D21: =9578500 -> 9578500 | F21: =SUM('KEFA 2026'!$C21:$E21) -> 12865000
A22: 46042 | B22: 46042 | C22: =21000+41000+42000+21000+21000 -> 146000 | F22: =SUM('KEFA 2026'!$C22:$E22) -> 146000
A23: 46043 | B23: 46043 | C23: =21000+26000+61000 -> 108000 | D23: =10859000 -> 10859000 | E23: =21000 -> 21000 | F23: =SUM('KEFA 2026'!$C23:$E23) -> 10988000
A24: 46044 | B24: 46044 | C24: =21000+21000+21000+21000+301000+21000+21000 -> 427000 | F24: =SUM('KEFA 2026'!$C24:$E24) -> 427000
A25: 46045 | B25: 46045 | C25: =21000+21000+21000+26000+42000+21000+44000+244000 -> 440000 | D25: =5322000+41000 -> 5363000 | F25: =SUM('KEFA 2026'!$C25:$E25) -> 5803000
A26: 46046 | B26: 46046 | C26: =21000+31000+26000 -> 78000 | D26: =249000+21000+515556 -> 785556 | F26: =SUM('KEFA 2026'!$C26:$E26) -> 863556
A27: 46047 | B27: 46047 | C27: =21000+21000+1400000+21000+21000+21000+46000 -> 1551000 | F27: =SUM('KEFA 2026'!$C27:$E27) -> 1551000
A28: 46048 | B28: 46048 | C28: =52000+21000+21000+21000 -> 115000 | D28: =11599000 -> 11599000 | F28: =SUM('KEFA 2026'!$C28:$E28) -> 11714000
A29: 46049 | B29: 46049 | C29: =21000+21000+21000+379000+21000+21000+21000 -> 505000 | E29: =21000 -> 21000 | F29: =SUM('KEFA 2026'!$C29:$E29) -> 526000
A30: 46050 | B30: 46050 | C30: =21000+2268884+49000+42000+1134442+1134442+21000+21000+300600+39000 -> 5031368 | D30: =9081500 -> 9081500 | E30: =21000 -> 21000 | F30: =SUM('KEFA 2026'!$C30:$E30) -> 14133868
A31: 46051 | B31: 46051 | C31: =21000+21000+21000+21000+99000+42000+240000+21000 -> 486000 | F31: =SUM('KEFA 2026'!$C31:$E31) -> 486000
A32: 46052 | B32: 46052 | C32: =21000+21000+1100000+41000+21000+76000 -> 1280000 | D32: =3959500 -> 3959500 | E32: =21000 -> 21000 | F32: =SUM('KEFA 2026'!$C32:$E32) -> 5260500
A33: 46053 | B33: 46053 | C33: =41000+21000+21000+1400000+21000 -> 1504000 | E33: =42000 -> 42000 | F33: =SUM('KEFA 2026'!$C33:$E33) -> 1546000
A34: 46054 | B34: 46054 | C34: =22000 -> 22000 | F34: =SUM('KEFA 2026'!$C34:$E34) -> 22000
A35: 46055 | B35: 46055 | C35: =26000+26000+205000 -> 257000 | D35: =11580000 -> 11580000 | F35: =SUM('KEFA 2026'!$C35:$E35) -> 11837000
A36: 46056 | B36: 46056 | C36: =21000+21000+42000+63000+21000 -> 168000 | F36: =SUM('KEFA 2026'!$C36:$E36) -> 168000
A37: 46057 | B37: 46057 | C37: =21000+21000+62000+21000 -> 125000 | D37: =8512500+100000 -> 8612500 | F37: =SUM('KEFA 2026'!$C37:$E37) -> 8737500
A38: 46058 | B38: 46058 | C38: =97000+21000+21000+21000+21000+21000+41000+21000 -> 264000 | F38: =SUM('KEFA 2026'!$C38:$E38) -> 264000
A39: 46059 | B39: 46059 | C39: =26000+21000+21000+200000+21000+200000+41000+21000+21000+41000+42000 -> 655000 | D39: =6070000 -> 6070000 | F39: =SUM('KEFA 2026'!$C39:$E39) -> 6725000
A40: 46060 | B40: 46060 | C40: =62000+41000+21000+21000+87000+21000+41000 -> 294000 | E40: =21000 -> 21000 | F40: =SUM('KEFA 2026'!$C40:$E40) -> 315000
A41: 46061 | B41: 46061 | C41: =4660852+21000+21000+100000 -> 4802852 | D41: =691730+61000 -> 752730 | E41: =22000 -> 22000 | F41: =SUM('KEFA 2026'!$C41:$E41) -> 5577582
A42: 46062 | B42: 46062 | C42: =21000+115000+41000+3343000+44000+21000+21000+21000+21000+78000 -> 3726000 | D42: =10585000 -> 10585000 | F42: =SUM('KEFA 2026'!$C42:$E42) -> 14311000
A43: 46063 | B43: 46063 | C43: =21000+21000+1911029+280000+21000+21000+21000+250000+26000+41000 -> 2613029 | F43: =SUM('KEFA 2026'!$C43:$E43) -> 2613029
A44: 46064 | B44: 46064 | C44: =62000+21000+41000+87000+21000+21000+21000 -> 274000 | D44: =10159000 -> 10159000 | E44: =196300 -> 196300 | F44: =SUM('KEFA 2026'!$C44:$E44) -> 10629300
A45: 46065 | B45: 46065 | C45: =97000+44000+21000+26000+42000 -> 230000 | D45: =21000 -> 21000 | F45: =SUM('KEFA 2026'!$C45:$E45) -> 251000
A46: 46066 | B46: 46066 | C46: =21000+26000+23000+26000+26000+709000+77000+70000+21000+47000 -> 1046000 | D46: =8866000 -> 8866000 | F46: =SUM('KEFA 2026'!$C46:$E46) -> 9912000
A47: 46067 | B47: 46067 | C47: =21000+21000+21000 -> 63000 | F47: =SUM('KEFA 2026'!$C47:$E47) -> 63000
A48: 46068 | B48: 46068 | C48: =42000+26000+26000+351300 -> 445300 | D48: =21000 -> 21000 | F48: =SUM('KEFA 2026'!$C48:$E48) -> 466300
A49: 46069 | B49: 46069 | C49: =120000+193000+21000 -> 334000 | E49: =105000 -> 105000 | F49: =SUM('KEFA 2026'!$C49:$E49) -> 439000
A50: 46070 | B50: 46070 | C50: =21000+21000 -> 42000 | D50: =20000+1000 -> 21000 | F50: =SUM('KEFA 2026'!$C50:$E50) -> 63000
A51: 46071 | B51: 46071 | C51: =21000+21000+21000+44000+26000 -> 133000 | D51: =15778000 -> 15778000 | F51: =SUM('KEFA 2026'!$C51:$E51) -> 15911000
A52: 46072 | B52: 46072 | C52: =21000+21000+26000+21000 -> 89000 | E52: =21000 -> 21000 | F52: =SUM('KEFA 2026'!$C52:$E52) -> 110000
A53: 46073 | B53: 46073 | C53: =21000 -> 21000 | D53: =6086500 -> 6086500 | F53: =SUM('KEFA 2026'!$C53:$E53) -> 6107500
A54: 46074 | B54: 46074 | C54: =21000+21000+21000+51200+21000+21000+26000 -> 182200 | F54: =SUM('KEFA 2026'!$C54:$E54) -> 182200
A55: 46075 | B55: 46075 | C55: =21000+21000+21000+21000+26000 -> 110000 | F55: =SUM('KEFA 2026'!$C55:$E55) -> 110000
A56: 46076 | B56: 46076 | C56: =21000+205000+52000 -> 278000 | D56: =8664500 -> 8664500 | F56: =SUM('KEFA 2026'!$C56:$E56) -> 8942500
A57: 46077 | B57: 46077 | C57: =21000+61000+21000+81000 -> 184000 | E57: =40000 -> 40000 | F57: =SUM('KEFA 2026'!$C57:$E57) -> 224000
A58: 46078 | B58: 46078 | C58: =21000+21000+121000+41000+39000 -> 243000 | D58: =9927000+21000 -> 9948000 | F58: =SUM('KEFA 2026'!$C58:$E58) -> 10191000
A59: 46079 | B59: 46079 | C59: =21000+41000+21000+41000+21000+21000+41000+60000+41000 -> 308000 | D59: =21000 -> 21000 | E59: =21000 -> 21000 | F59: =SUM('KEFA 2026'!$C59:$E59) -> 350000
A60: 46080 | B60: 46080 | D60: =11506500 -> 11506500 | F60: =SUM('KEFA 2026'!$C60:$E60) -> 11506500
A61: 46081 | B61: 46081 | F61: =SUM('KEFA 2026'!$C61:$E61) -> 0
A62: 46082 | B62: 46082 | F62: =SUM('KEFA 2026'!$C62:$E62) -> 0
A63: 46083 | B63: 46083 | F63: =SUM('KEFA 2026'!$C63:$E63) -> 0
A64: 46084 | B64: 46084 | F64: =SUM('KEFA 2026'!$C64:$E64) -> 0
A65: 46085 | B65: 46085 | F65: =SUM('KEFA 2026'!$C65:$E65) -> 0
A66: 46086 | B66: 46086 | F66: =SUM('KEFA 2026'!$C66:$E66) -> 0
A67: 46087 | B67: 46087 | F67: =SUM('KEFA 2026'!$C67:$E67) -> 0
A68: 46088 | B68: 46088 | F68: =SUM('KEFA 2026'!$C68:$E68) -> 0
A69: 46089 | B69: 46089 | F69: =SUM('KEFA 2026'!$C69:$E69) -> 0
A70: 46090 | B70: 46090 | F70: =SUM('KEFA 2026'!$C70:$E70) -> 0
A71: 46091 | B71: 46091 | F71: =SUM('KEFA 2026'!$C71:$E71) -> 0
A72: 46092 | B72: 46092 | F72: =SUM('KEFA 2026'!$C72:$E72) -> 0
... A400: 46420 | B400: 46420 | F400: =SUM('KEFA 2026'!$C400:$E400) -> 0

Sheet NIKI NIKI 2026
A1: TOTAL | C1: SETORAN BANK | F1: =SUBTOTAL(9,F3:F424) -> 32164388
A2: Hari | B2: Tanggal | C2: BRI | D2: BNI | E2: LAINNYA | F2: TOTAL SETORAN
A3: 46023 | B3: 46023 | F3: =SUM('NIKI NIKI 2026'!$C3:$E3) -> 0
A4: 46024 | B4: 46024 | F4: =SUM('NIKI NIKI 2026'!$C4:$E4) -> 0
A5: 46025 | B5: 46025 | F5: =SUM('NIKI NIKI 2026'!$C5:$E5) -> 0
A6: 46026 | B6: 46026 | F6: =SUM('NIKI NIKI 2026'!$C6:$E6) -> 0
A7: 46027 | B7: 46027 | C7: =3656000 -> 3656000 | F7: =SUM('NIKI NIKI 2026'!$C7:$E7) -> 3656000
A8: 46028 | B8: 46028 | F8: =SUM('NIKI NIKI 2026'!$C8:$E8) -> 0
A9: 46029 | B9: 46029 | F9: =SUM('NIKI NIKI 2026'!$C9:$E9) -> 0
A10: 46030 | B10: 46030 | F10: =SUM('NIKI NIKI 2026'!$C10:$E10) -> 0
A11: 46031 | B11: 46031 | F11: =SUM('NIKI NIKI 2026'!$C11:$E11) -> 0
A12: 46032 | B12: 46032 | F12: =SUM('NIKI NIKI 2026'!$C12:$E12) -> 0
A13: 46033 | B13: 46033 | F13: =SUM('NIKI NIKI 2026'!$C13:$E13) -> 0
A14: 46034 | B14: 46034 | F14: =SUM('NIKI NIKI 2026'!$C14:$E14) -> 0
A15: 46035 | B15: 46035 | C15: =5204500 -> 5204500 | F15: =SUM('NIKI NIKI 2026'!$C15:$E15) -> 5204500
A16: 46036 | B16: 46036 | F16: =SUM('NIKI NIKI 2026'!$C16:$E16) -> 0
A17: 46037 | B17: 46037 | C17: =2512000 -> 2512000 | F17: =SUM('NIKI NIKI 2026'!$C17:$E17) -> 2512000
A18: 46038 | B18: 46038 | F18: =SUM('NIKI NIKI 2026'!$C18:$E18) -> 0
A19: 46039 | B19: 46039 | F19: =SUM('NIKI NIKI 2026'!$C19:$E19) -> 0
A20: 46040 | B20: 46040 | F20: =SUM('NIKI NIKI 2026'!$C20:$E20) -> 0
A21: 46041 | B21: 46041 | F21: =SUM('NIKI NIKI 2026'!$C21:$E21) -> 0
A22: 46042 | B22: 46042 | F22: =SUM('NIKI NIKI 2026'!$C22:$E22) -> 0
A23: 46043 | B23: 46043 | C23: =3357000 -> 3357000 | F23: =SUM('NIKI NIKI 2026'!$C23:$E23) -> 3357000
A24: 46044 | B24: 46044 | F24: =SUM('NIKI NIKI 2026'!$C24:$E24) -> 0
A25: 46045 | B25: 46045 | F25: =SUM('NIKI NIKI 2026'!$C25:$E25) -> 0
A26: 46046 | B26: 46046 | F26: =SUM('NIKI NIKI 2026'!$C26:$E26) -> 0
A27: 46047 | B27: 46047 | F27: =SUM('NIKI NIKI 2026'!$C27:$E27) -> 0
A28: 46048 | B28: 46048 | F28: =SUM('NIKI NIKI 2026'!$C28:$E28) -> 0
A29: 46049 | B29: 46049 | F29: =SUM('NIKI NIKI 2026'!$C29:$E29) -> 0
A30: 46050 | B30: 46050 | E30: =1787500 -> 1787500 | F30: =SUM('NIKI NIKI 2026'!$C30:$E30) -> 1787500
A31: 46051 | B31: 46051 | D31: =77000 -> 77000 | F31: =SUM('NIKI NIKI 2026'!$C31:$E31) -> 77000
A32: 46052 | B32: 46052 | F32: =SUM('NIKI NIKI 2026'!$C32:$E32) -> 0
A33: 46053 | B33: 46053 | F33: =SUM('NIKI NIKI 2026'!$C33:$E33) -> 0
A34: 46054 | B34: 46054 | F34: =SUM('NIKI NIKI 2026'!$C34:$E34) -> 0
A35: 46055 | B35: 46055 | C35: =21000 -> 21000 | E35: =3968000 -> 3968000 | F35: =SUM('NIKI NIKI 2026'!$C35:$E35) -> 3989000
A36: 46056 | B36: 46056 | F36: =SUM('NIKI NIKI 2026'!$C36:$E36) -> 0
A37: 46057 | B37: 46057 | F37: =SUM('NIKI NIKI 2026'!$C37:$E37) -> 0
A38: 46058 | B38: 46058 | F38: =SUM('NIKI NIKI 2026'!$C38:$E38) -> 0
A39: 46059 | B39: 46059 | C39: =1851000 -> 1851000 | D39: =535288 -> 535288 | F39: =SUM('NIKI NIKI 2026'!$C39:$E39) -> 2386288
A40: 46060 | B40: 46060 | F40: =SUM('NIKI NIKI 2026'!$C40:$E40) -> 0
A41: 46061 | B41: 46061 | F41: =SUM('NIKI NIKI 2026'!$C41:$E41) -> 0
A42: 46062 | B42: 46062 | C42: =21000 -> 21000 | F42: =SUM('NIKI NIKI 2026'!$C42:$E42) -> 21000
A43: 46063 | B43: 46063 | F43: =SUM('NIKI NIKI 2026'!$C43:$E43) -> 0
A44: 46064 | B44: 46064 | F44: =SUM('NIKI NIKI 2026'!$C44:$E44) -> 0
A45: 46065 | B45: 46065 | C45: =278000 -> 278000 | E45: =105000 -> 105000 | F45: =SUM('NIKI NIKI 2026'!$C45:$E45) -> 383000
A46: 46066 | B46: 46066 | C46: =4318600+195000+23000 -> 4536600 | F46: =SUM('NIKI NIKI 2026'!$C46:$E46) -> 4536600
A47: 46067 | B47: 46067 | C47: =21000 -> 21000 | E47: =41000 -> 41000 | F47: =SUM('NIKI NIKI 2026'!$C47:$E47) -> 62000
A48: 46068 | B48: 46068 | F48: =SUM('NIKI NIKI 2026'!$C48:$E48) -> 0
A49: 46069 | B49: 46069 | F49: =SUM('NIKI NIKI 2026'!$C49:$E49) -> 0
A50: 46070 | B50: 46070 | F50: =SUM('NIKI NIKI 2026'!$C50:$E50) -> 0
A51: 46071 | B51: 46071 | F51: =SUM('NIKI NIKI 2026'!$C51:$E51) -> 0
A52: 46072 | B52: 46072 | F52: =SUM('NIKI NIKI 2026'!$C52:$E52) -> 0
A53: 46073 | B53: 46073 | C53: =2199000 -> 2199000 | F53: =SUM('NIKI NIKI 2026'!$C53:$E53) -> 2199000
A54: 46074 | B54: 46074 | F54: =SUM('NIKI NIKI 2026'!$C54:$E54) -> 0
A55: 46075 | B55: 46075 | F55: =SUM('NIKI NIKI 2026'!$C55:$E55) -> 0
A56: 46076 | B56: 46076 | F56: =SUM('NIKI NIKI 2026'!$C56:$E56) -> 0
A57: 46077 | B57: 46077 | F57: =SUM('NIKI NIKI 2026'!$C57:$E57) -> 0
A58: 46078 | B58: 46078 | F58: =SUM('NIKI NIKI 2026'!$C58:$E58) -> 0
A59: 46079 | B59: 46079 | F59: =SUM('NIKI NIKI 2026'!$C59:$E59) -> 0
A60: 46080 | B60: 46080 | C60: =1993500 -> 1993500 | F60: =SUM('NIKI NIKI 2026'!$C60:$E60) -> 1993500
A61: 46081 | B61: 46081 | F61: =SUM('NIKI NIKI 2026'!$C61:$E61) -> 0
A62: 46082 | B62: 46082 | F62: =SUM('NIKI NIKI 2026'!$C62:$E62) -> 0
A63: 46083 | B63: 46083 | F63: =SUM('NIKI NIKI 2026'!$C63:$E63) -> 0
A64: 46084 | B64: 46084 | F64: =SUM('NIKI NIKI 2026'!$C64:$E64) -> 0
A65: 46085 | B65: 46085 | F65: =SUM('NIKI NIKI 2026'!$C65:$E65) -> 0
A66: 46086 | B66: 46086 | F66: =SUM('NIKI NIKI 2026'!$C66:$E66) -> 0
A67: 46087 | B67: 46087 | F67: =SUM('NIKI NIKI 2026'!$C67:$E67) -> 0
A68: 46088 | B68: 46088 | F68: =SUM('NIKI NIKI 2026'!$C68:$E68) -> 0
A69: 46089 | B69: 46089 | F69: =SUM('NIKI NIKI 2026'!$C69:$E69) -> 0
A70: 46090 | B70: 46090 | F70: =SUM('NIKI NIKI 2026'!$C70:$E70) -> 0
A71: 46091 | B71: 46091 | F71: =SUM('NIKI NIKI 2026'!$C71:$E71) -> 0
A72: 46092 | B72: 46092 | F72: =SUM('NIKI NIKI 2026'!$C72:$E72) -> 0
... A424: 46444 | B424: 46444 | F424: =SUM('NIKI NIKI 2026'!$C424:$E424) -> 0

Sheet OESAO 2026
A1: TOTAL | C1: SETORAN BANK | F1: =SUBTOTAL(9,F3:F419) -> 105618820
A2: Hari | B2: Tanggal | C2: BRI | D2: BNI | E2: LAINNYA | F2: TOTAL SETORAN
A3: 46023 | B3: 46023 | F3: =SUM('OESAO 2026'!$C3:$E3) -> 0
A4: 46024 | B4: 46024 | E4: =546000 -> 546000 | F4: =SUM('OESAO 2026'!$C4:$E4) -> 546000
A5: 46025 | B5: 46025 | C5: =107000+21000+61000+419000 -> 608000 | F5: =SUM('OESAO 2026'!$C5:$E5) -> 608000
A6: 46026 | B6: 46026 | F6: =SUM('OESAO 2026'!$C6:$E6) -> 0
A7: 46027 | B7: 46027 | C7: =238580+21000 -> 259580 | D7: =6532000+23000 -> 6555000 | F7: =SUM('OESAO 2026'!$C7:$E7) -> 6814580
A8: 46028 | B8: 46028 | C8: =544931 -> 544931 | D8: =464800+1757000 -> 2221800 | F8: =SUM('OESAO 2026'!$C8:$E8) -> 2766731
A9: 46029 | B9: 46029 | C9: =21000+352000+193000 -> 566000 | D9: =1630150+21000+267000+21000 -> 1939150 | F9: =SUM('OESAO 2026'!$C9:$E9) -> 2505150
A10: 46030 | B10: 46030 | C10: =1241000+25000 -> 1266000 | D10: =213825+51000 -> 264825 | F10: =SUM('OESAO 2026'!$C10:$E10) -> 1530825
A11: 46031 | B11: 46031 | C11: =317000 -> 317000 | D11: =943925+667600+400000 -> 2011525 | F11: =SUM('OESAO 2026'!$C11:$E11) -> 2328525
A12: 46032 | B12: 46032 | D12: =2151900 -> 2151900 | E12: =177000 -> 177000 | F12: =SUM('OESAO 2026'!$C12:$E12) -> 2328900
A13: 46033 | B13: 46033 | E13: =40000 -> 40000 | F13: =SUM('OESAO 2026'!$C13:$E13) -> 40000
A14: 46034 | B14: 46034 | C14: =257000+471000+21000 -> 749000 | D14: =495995 -> 495995 | E14: =500000 -> 500000 | F14: =SUM('OESAO 2026'!$C14:$E14) -> 1744995
A15: 46035 | B15: 46035 | C15: =1974000+26000 -> 2000000 | D15: =1051000+329846+21000 -> 1401846 | F15: =SUM('OESAO 2026'!$C15:$E15) -> 3401846
A16: 46036 | B16: 46036 | C16: =726325 -> 726325 | D16: =2233+216000+42000 -> 260233 | E16: =1211640 -> 1211640 | F16: =SUM('OESAO 2026'!$C16:$E16) -> 2198198
A17: 46037 | B17: 46037 | C17: =140700+841000+116000 -> 1097700 | D17: =1285550+1183770 -> 2469320 | F17: =SUM('OESAO 2026'!$C17:$E17) -> 3567020
A18: 46038 | B18: 46038 | C18: =21000 -> 21000 | D18: =25000 -> 25000 | F18: =SUM('OESAO 2026'!$C18:$E18) -> 46000
A19: 46039 | B19: 46039 | C19: =589692 -> 589692 | D19: =3565000+21000 -> 3586000 | F19: =SUM('OESAO 2026'!$C19:$E19) -> 4175692
A20: 46040 | B20: 46040 | C20: =21000 -> 21000 | D20: =21000 -> 21000 | E20: =21000 -> 21000 | F20: =SUM('OESAO 2026'!$C20:$E20) -> 63000
A21: 46041 | B21: 46041 | C21: =670400+50000 -> 720400 | D21: =1659917+1183770 -> 2843687 | F21: =SUM('OESAO 2026'!$C21:$E21) -> 3564087
A22: 46042 | B22: 46042 | C22: =1365000+26000 -> 1391000 | D22: =1085037+44000+21000+216000+50000 -> 1416037 | F22: =SUM('OESAO 2026'!$C22:$E22) -> 2807037
A23: 46043 | B23: 46043 | D23: =2104000+21000+21000+41000+21000 -> 2208000 | F23: =SUM('OESAO 2026'!$C23:$E23) -> 2208000
A24: 46044 | B24: 46044 | C24: =218000 -> 218000 | D24: =3028370+50000 -> 3078370 | F24: =SUM('OESAO 2026'!$C24:$E24) -> 3296370
A25: 46045 | B25: 46045 | D25: =1539550+21000 -> 1560550 | F25: =SUM('OESAO 2026'!$C25:$E25) -> 1560550
A26: 46046 | B26: 46046 | C26: =644275+35000+485000+456000 -> 1620275 | D26: =936000 -> 936000 | E26: =45000 -> 45000 | F26: =SUM('OESAO 2026'!$C26:$E26) -> 2601275
A27: 46047 | B27: 46047 | F27: =SUM('OESAO 2026'!$C27:$E27) -> 0
A28: 46048 | B28: 46048 | C28: =284900 -> 284900 | D28: =2253775 -> 2253775 | F28: =SUM('OESAO 2026'!$C28:$E28) -> 2538675
A29: 46049 | B29: 46049 | C29: =295000 -> 295000 | D29: =1201075+21000+21000+76000 -> 1319075 | F29: =SUM('OESAO 2026'!$C29:$E29) -> 1614075
A30: 46050 | B30: 46050 | D30: =684000 -> 684000 | F30: =SUM('OESAO 2026'!$C30:$E30) -> 684000
A31: 46051 | B31: 46051 | C31: =364000 -> 364000 | D31: =1957000+51000 -> 2008000 | E31: =355000 -> 355000 | F31: =SUM('OESAO 2026'!$C31:$E31) -> 2727000
A32: 46052 | B32: 46052 | C32: =21000+44000 -> 65000 | D32: =2045963 -> 2045963 | F32: =SUM('OESAO 2026'!$C32:$E32) -> 2110963
A33: 46053 | B33: 46053 | C33: =42000+21000 -> 63000 | D33: =2295220 -> 2295220 | F33: =SUM('OESAO 2026'!$C33:$E33) -> 2358220
A34: 46054 | B34: 46054 | C34: =21000 -> 21000 | F34: =SUM('OESAO 2026'!$C34:$E34) -> 21000
A35: 46055 | B35: 46055 | D35: =1444725 -> 1444725 | F35: =SUM('OESAO 2026'!$C35:$E35) -> 1444725
A36: 46056 | B36: 46056 | C36: =333731+1715000+222000 -> 2270731 | D36: =2617906+25000 -> 2642906 | F36: =SUM('OESAO 2026'!$C36:$E36) -> 4913637
A37: 46057 | B37: 46057 | D37: =731000+42000+619250 -> 1392250 | F37: =SUM('OESAO 2026'!$C37:$E37) -> 1392250
A38: 46058 | B38: 46058 | D38: =2426802+21000+25000 -> 2472802 | F38: =SUM('OESAO 2026'!$C38:$E38) -> 2472802
A39: 46059 | B39: 46059 | C39: =21000 -> 21000 | D39: =329000+21000 -> 350000 | F39: =SUM('OESAO 2026'!$C39:$E39) -> 371000
A40: 46060 | B40: 46060 | C40: =1406820+21000+556825+21000 -> 2005645 | D40: =21000+63000 -> 84000 | F40: =SUM('OESAO 2026'!$C40:$E40) -> 2089645
A41: 46061 | B41: 46061 | D41: =25000 -> 25000 | F41: =SUM('OESAO 2026'!$C41:$E41) -> 25000
A42: 46062 | B42: 46062 | D42: =1228000+254000 -> 1482000 | E42: =769000 -> 769000 | F42: =SUM('OESAO 2026'!$C42:$E42) -> 2251000
A43: 46063 | B43: 46063 | D43: =63000 -> 63000 | F43: =SUM('OESAO 2026'!$C43:$E43) -> 63000
A44: 46064 | B44: 46064 | C44: =1828000 -> 1828000 | D44: =19240+1926413 -> 1945653 | F44: =SUM('OESAO 2026'!$C44:$E44) -> 3773653
A45: 46065 | B45: 46065 | C45: =999000 -> 999000 | D45: =333000+21000 -> 354000 | F45: =SUM('OESAO 2026'!$C45:$E45) -> 1353000
A46: 46066 | B46: 46066 | C46: =21000+61000 -> 82000 | D46: =2585950+831000 -> 3416950 | F46: =SUM('OESAO 2026'!$C46:$E46) -> 3498950
A47: 46067 | B47: 46067 | C47: =672000+62000 -> 734000 | D47: =151000 -> 151000 | F47: =SUM('OESAO 2026'!$C47:$E47) -> 885000
A48: 46068 | B48: 46068 | F48: =SUM('OESAO 2026'!$C48:$E48) -> 0
A49: 46069 | B49: 46069 | D49: =678000 -> 678000 | F49: =SUM('OESAO 2026'!$C49:$E49) -> 678000
A50: 46070 | B50: 46070 | C50: =21000+21000+346000 -> 388000 | D50: =21000 -> 21000 | F50: =SUM('OESAO 2026'!$C50:$E50) -> 409000
A51: 46071 | B51: 46071 | F51: =SUM('OESAO 2026'!$C51:$E51) -> 0
A52: 46072 | B52: 46072 | C52: =2199000+105000+262749 -> 2566749 | D52: =2759000 -> 2759000 | E52: =21000 -> 21000 | F52: =SUM('OESAO 2026'!$C52:$E52) -> 5346749
A53: 46073 | B53: 46073 | D53: =980475+21000 -> 1001475 | F53: =SUM('OESAO 2026'!$C53:$E53) -> 1001475
A54: 46074 | B54: 46074 | C54: =21000+530000 -> 551000 | D54: =531000+21000+21000+21000 -> 594000 | E54: =177000 -> 177000 | F54: =SUM('OESAO 2026'!$C54:$E54) -> 1322000
A55: 46075 | B55: 46075 | C55: =21000+116000 -> 137000 | F55: =SUM('OESAO 2026'!$C55:$E55) -> 137000
A56: 46076 | B56: 46076 | C56: =774000 -> 774000 | D56: =4092070 -> 4092070 | F56: =SUM('OESAO 2026'!$C56:$E56) -> 4866070
A57: 46077 | B57: 46077 | D57: =300000+21000 -> 321000 | F57: =SUM('OESAO 2026'!$C57:$E57) -> 321000
A58: 46078 | B58: 46078 | C58: =764000 -> 764000 | D58: =2564000+39000 -> 2603000 | F58: =SUM('OESAO 2026'!$C58:$E58) -> 3367000
A59: 46079 | B59: 46079 | D59: =880150 -> 880150 | F59: =SUM('OESAO 2026'!$C59:$E59) -> 880150
A60: 46080 | B60: 46080 | F60: =SUM('OESAO 2026'!$C60:$E60) -> 0
A61: 46081 | B61: 46081 | F61: =SUM('OESAO 2026'!$C61:$E61) -> 0
A62: 46082 | B62: 46082 | F62: =SUM('OESAO 2026'!$C62:$E62) -> 0
A63: 46083 | B63: 46083 | F63: =SUM('OESAO 2026'!$C63:$E63) -> 0
A64: 46084 | B64: 46084 | F64: =SUM('OESAO 2026'!$C64:$E64) -> 0
A65: 46085 | B65: 46085 | F65: =SUM('OESAO 2026'!$C65:$E65) -> 0
A66: 46086 | B66: 46086 | F66: =SUM('OESAO 2026'!$C66:$E66) -> 0
A67: 46087 | B67: 46087 | F67: =SUM('OESAO 2026'!$C67:$E67) -> 0
A68: 46088 | B68: 46088 | F68: =SUM('OESAO 2026'!$C68:$E68) -> 0
A69: 46089 | B69: 46089 | F69: =SUM('OESAO 2026'!$C69:$E69) -> 0
A70: 46090 | B70: 46090 | F70: =SUM('OESAO 2026'!$C70:$E70) -> 0
A71: 46091 | B71: 46091 | F71: =SUM('OESAO 2026'!$C71:$E71) -> 0
... A419: 46439 | B419: 46439 | F419: =SUM('OESAO 2026'!$C419:$E419) -> 0

Sheet ROTE 2026
A1: TOTAL | C1: SETORAN BANK | F1: =SUBTOTAL(9,F3:F400) -> 219774440
A2: Hari | B2: Tanggal | C2: BRI | D2: BNI | E2: LAINNYA | F2: TOTAL SETORAN
A3: 46023 | B3: 46023 | F3: =SUM('ROTE 2026'!$C3:$E3) -> 0
A4: 46024 | B4: 46024 | C4: =189000+41000+26000+97000 -> 353000 | D4: =1941000+15000 -> 1956000 | E4: =172252+41000 -> 213252 | F4: =SUM('ROTE 2026'!$C4:$E4) -> 2522252
A5: 46025 | B5: 46025 | C5: =26000+413500+243000+26000+26000 -> 734500 | D5: =21000+135000+20000 -> 176000 | E5: =101000 -> 101000 | F5: =SUM('ROTE 2026'!$C5:$E5) -> 1011500
A6: 46026 | B6: 46026 | F6: =SUM('ROTE 2026'!$C6:$E6) -> 0
A7: 46027 | B7: 46027 | C7: =136300+999000+255000+71000+26000+145000+643000+191000+26000 -> 2492300 | D7: =8156000+240000+20000+135000 -> 8551000 | F7: =SUM('ROTE 2026'!$C7:$E7) -> 11043300
A8: 46028 | B8: 46028 | C8: =26000+21000 -> 47000 | D8: =7853000+850000+40000+200000+51000+50000 -> 9044000 | E8: =182500+26000+969000 -> 1177500 | F8: =SUM('ROTE 2026'!$C8:$E8) -> 10268500
A9: 46029 | B9: 46029 | C9: =210000+50000+41000+41000+130000+21000 -> 493000 | D9: =4502500+21000+250000+31000+50000+50000+21000+151000 -> 5076500 | E9: =21000+21000 -> 42000 | F9: =SUM('ROTE 2026'!$C9:$E9) -> 5611500
A10: 46030 | B10: 46030 | C10: =180900+26000+270000+26000+26000+150000+21000+41000+25000+21000 -> 786900 | D10: =4348500+126000+26000+45000+85000+100000+36000+200000+190000+474000 -> 5630500 | F10: =SUM('ROTE 2026'!$C10:$E10) -> 6417400
A11: 46031 | B11: 46031 | C11: =26000+16000+26000+26000+26000+41000+21000+21000 -> 203000 | D11: =26000+6125500+100000+21000+76000+10000+21000 -> 6379500 | E11: =26000+36000 -> 62000 | F11: =SUM('ROTE 2026'!$C11:$E11) -> 6644500
A12: 46032 | B12: 46032 | C12: =41000+51000+26000+41000 -> 159000 | D12: =26000+21000+500000+45000+100000+50000+16000 -> 758000 | F12: =SUM('ROTE 2026'!$C12:$E12) -> 917000
A13: 46033 | B13: 46033 | C13: =364625+45000 -> 409625 | D13: =51000+182310+26000+26000+75000 -> 360310 | F13: =SUM('ROTE 2026'!$C13:$E13) -> 769935
A14: 46034 | B14: 46034 | D14: =7071500 -> 7071500 | F14: =SUM('ROTE 2026'!$C14:$E14) -> 7071500
A15: 46035 | B15: 46035 | C15: =26000+42000+26000+215000+460000 -> 769000 | D15: =242000+21000+350000+10000+26000+15000 -> 664000 | E15: =97000+26000 -> 123000 | F15: =SUM('ROTE 2026'!$C15:$E15) -> 1556000
A16: 46036 | B16: 46036 | C16: =51000+21000+36000+42000 -> 150000 | D16: =4596000+21000+20000+98000+100000 -> 4835000 | E16: =21000 -> 21000 | F16: =SUM('ROTE 2026'!$C16:$E16) -> 5006000
A17: 46037 | B17: 46037 | C17: =21000+21000+21000+101000+21000+30000+21000 -> 236000 | D17: =1625000+52000+26000+175000+20000+26000 -> 1924000 | E17: =21000 -> 21000 | F17: =SUM('ROTE 2026'!$C17:$E17) -> 2181000
A18: 46038 | B18: 46038 | C18: =21000+26000+26000+150000+20000+21000 -> 264000 | D18: =21000+200000+135000+700000+50000 -> 1106000 | F18: =SUM('ROTE 2026'!$C18:$E18) -> 1370000
A19: 46039 | B19: 46039 | C19: =42000+62000+41000+52000 -> 197000 | D19: =21000+26000+26000+21000+625000+100000 -> 819000 | E19: =26000+21000+364625 -> 411625 | F19: =SUM('ROTE 2026'!$C19:$E19) -> 1427625
A20: 46040 | B20: 46040 | C20: =925000 -> 925000 | F20: =SUM('ROTE 2026'!$C20:$E20) -> 925000
A21: 46041 | B21: 46041 | C21: =26000+26000+26000+26000+21000+26000+26000+21000+61000 -> 259000 | D21: =13092000+200000+330500+51000 -> 13673500 | E21: =21000 -> 21000 | F21: =SUM('ROTE 2026'!$C21:$E21) -> 13953500
A22: 46042 | B22: 46042 | D22: =6509500+10000+120000 -> 6639500 | F22: =SUM('ROTE 2026'!$C22:$E22) -> 6639500
A23: 46043 | B23: 46043 | D23: =1321000 -> 1321000 | F23: =SUM('ROTE 2026'!$C23:$E23) -> 1321000
A24: 46044 | B24: 46044 | D24: =41000+100000 -> 141000 | F24: =SUM('ROTE 2026'!$C24:$E24) -> 141000
A25: 46045 | B25: 46045 | C25: =26000 -> 26000 | D25: =166000+11000 -> 177000 | F25: =SUM('ROTE 2026'!$C25:$E25) -> 203000
A26: 46046 | B26: 46046 | F26: =SUM('ROTE 2026'!$C26:$E26) -> 0
A27: 46047 | B27: 46047 | F27: =SUM('ROTE 2026'!$C27:$E27) -> 0
A28: 46048 | B28: 46048 | D28: =11000 -> 11000 | F28: =SUM('ROTE 2026'!$C28:$E28) -> 11000
A29: 46049 | B29: 46049 | F29: =SUM('ROTE 2026'!$C29:$E29) -> 0
A30: 46050 | B30: 46050 | D30: =1795000 -> 1795000 | F30: =SUM('ROTE 2026'!$C30:$E30) -> 1795000
A31: 46051 | B31: 46051 | C31: =113000+21000+87000+25000+26000+26000+390000+84000+21000+51000+21000+51000+41000+354000+26000+21000+25000+62000+316000+161000+84000+42000+21000+21000 -> 2090000 | D31: =78000+21000+127000+61000+130000+125000+26000+52000+203000+101000+21000+61000+83000+41000+350000+485000+260000 -> 2225000 | E31: =87000+21000+42000 -> 150000 | F31: =SUM('ROTE 2026'!$C31:$E31) -> 4465000
A32: 46052 | B32: 46052 | C32: =61000+40000+26000+26000+51000+42000+258000 -> 504000 | D32: =17333500+52000+26000+32000+21000+30000+195000 -> 17689500 | E32: =21000 -> 21000 | F32: =SUM('ROTE 2026'!$C32:$E32) -> 18214500
A33: 46053 | B33: 46053 | C33: =21000+76000+227000+26000+329000+26000+21000+21000+41000+51000+26000 -> 865000 | D33: =21000+21000+21000+21000+135000+271000+200000+51000 -> 741000 | E33: =42000+286000+331000 -> 659000 | F33: =SUM('ROTE 2026'!$C33:$E33) -> 2265000
A34: 46054 | B34: 46054 | C34: =21000+101000+20000+151000+21000 -> 314000 | F34: =SUM('ROTE 2026'!$C34:$E34) -> 314000
A35: 46055 | B35: 46055 | D35: =8455500+495000 -> 8950500 | F35: =SUM('ROTE 2026'!$C35:$E35) -> 8950500
A36: 46056 | B36: 46056 | C36: =21000+26000+21000+41000+50000+21000+21000+124000+42000+42000 -> 409000 | D36: =977000+193000+217000+21000+61000+26000+26000+26000 -> 1547000 | E36: =50000 -> 50000 | F36: =SUM('ROTE 2026'!$C36:$E36) -> 2006000
A37: 46057 | B37: 46057 | C37: =21000+26000+52000+26000+21000+26000 -> 172000 | D37: =4226000+130000+26000+21000+150000+21000 -> 4574000 | E37: =41000+26000 -> 67000 | F37: =SUM('ROTE 2026'!$C37:$E37) -> 4813000
A38: 46058 | B38: 46058 | C38: =42000+31000+26000+26000+21000+999999+20000+139000 -> 1304999 | D38: =3469000+26000+77000+26000+45000+26000+21000 -> 3690000 | E38: =21000+21000+61000+21000 -> 124000 | F38: =SUM('ROTE 2026'!$C38:$E38) -> 5118999
A39: 46059 | B39: 46059 | C39: =21000 -> 21000 | D39: =3375500+100000+51000+20000+47000+50000 -> 3643500 | E39: =121000 -> 121000 | F39: =SUM('ROTE 2026'!$C39:$E39) -> 3785500
A40: 46060 | B40: 46060 | C40: =21000+21000 -> 42000 | E40: =865000+21000 -> 886000 | F40: =SUM('ROTE 2026'!$C40:$E40) -> 928000
A41: 46061 | B41: 46061 | C41: =26000+50000+527000+21000+26000 -> 650000 | D41: =41000+52000+26000+21000+36000+21000 -> 197000 | E41: =21000+450000+500000+51000 -> 1022000 | F41: =SUM('ROTE 2026'!$C41:$E41) -> 1869000
A42: 46062 | B42: 46062 | C42: =76000+21000 -> 97000 | D42: =8686500+52000+26000 -> 8764500 | E42: =51000+41000+68000+21000 -> 181000 | F42: =SUM('ROTE 2026'!$C42:$E42) -> 9042500
A43: 46063 | B43: 46063 | C43: =76000+121000+26000+21000+21000+21000+90000+26000+21000+106000+21000+26000+26000+41000 -> 643000 | D43: =2136000+41000+216000+21000+330025+26000+21000+51000 -> 2842025 | E43: =282000+21000+41000+181000 -> 525000 | F43: =SUM('ROTE 2026'!$C43:$E43) -> 4010025
A44: 46064 | B44: 46064 | C44: =21000 -> 21000 | D44: =9387500+50000+50000 -> 9487500 | F44: =SUM('ROTE 2026'!$C44:$E44) -> 9508500
A45: 46065 | B45: 46065 | C45: =21000+26000+25000+21000+20000+26000 -> 139000 | D45: =840000+21000+51000+26000+200000+100000+21000+100000 -> 1359000 | E45: =26000+26000 -> 52000 | F45: =SUM('ROTE 2026'!$C45:$E45) -> 1550000
A46: 46066 | B46: 46066 | C46: =21000+21000+41000+26000+26000+26000+26000+41000+21000 -> 249000 | D46: =4328500+21000+101000+41000 -> 4491500 | F46: =SUM('ROTE 2026'!$C46:$E46) -> 4740500
A47: 46067 | B47: 46067 | C47: =26000+211000+66000+26000+51000+1363000+22000 -> 1765000 | D47: =63500+21000+26000+1000000 -> 1110500 | E47: =999000 -> 999000 | F47: =SUM('ROTE 2026'!$C47:$E47) -> 3874500
A48: 46068 | B48: 46068 | F48: =SUM('ROTE 2026'!$C48:$E48) -> 0
A49: 46069 | B49: 46069 | C49: =298000+40000+119000 -> 457000 | D49: =26000 -> 26000 | E49: =63000 -> 63000 | F49: =SUM('ROTE 2026'!$C49:$E49) -> 546000
A50: 46070 | B50: 46070 | C50: =21000+26000+26000+20000+67000 -> 160000 | D50: =21000+21000+100000+26000 -> 168000 | F50: =SUM('ROTE 2026'!$C50:$E50) -> 328000
A51: 46071 | B51: 46071 | C51: =63000+25000+21000+21000+77000+97000+21000+42000+21000 -> 388000 | D51: =11569000+21000+77000+200000+26000+26000+232000 -> 12151000 | E51: =82000+41000+210000+21000+21000 -> 375000 | F51: =SUM('ROTE 2026'!$C51:$E51) -> 12914000
A52: 46072 | B52: 46072 | C52: =291000+25000 -> 316000 | D52: =3983500+1300000 -> 5283500 | E52: =808500 -> 808500 | F52: =SUM('ROTE 2026'!$C52:$E52) -> 6408000
A53: 46073 | B53: 46073 | C53: =26000+21000+42000+26000+26000+21000+26000 -> 188000 | D53: =454000+130000+21000+26000+21000 -> 652000 | E53: =21000+22000 -> 43000 | F53: =SUM('ROTE 2026'!$C53:$E53) -> 883000
A54: 46074 | B54: 46074 | C54: =21000+21000 -> 42000 | D54: =21000+21000+21000+100000 -> 163000 | E54: =21000+21000 -> 42000 | F54: =SUM('ROTE 2026'!$C54:$E54) -> 247000
A55: 46075 | B55: 46075 | C55: =1000000+26000+27000+246000 -> 1299000 | D55: =41000+30000+101000+26000+71000 -> 269000 | F55: =SUM('ROTE 2026'!$C55:$E55) -> 1568000
A56: 46076 | B56: 46076 | C56: =101000+104000+21000+21000+420000+26000+21000+62000+41000+21000+98904+310000+176000+21000 -> 1443904 | D56: =8433000+322000+21000 -> 8776000 | E56: =97000+331000+21000+21000+21000+21000 -> 512000 | F56: =SUM('ROTE 2026'!$C56:$E56) -> 10731904
A57: 46077 | B57: 46077 | C57: =26000 -> 26000 | D57: =1487000+493000 -> 1980000 | E57: =1520000 -> 1520000 | F57: =SUM('ROTE 2026'!$C57:$E57) -> 3526000
A58: 46078 | B58: 46078 | C58: =21000+26000+50000+55000+26000+26000+45000+21000+20000+21000+41000 -> 352000 | D58: =1299000+21000+74000+300000 -> 1694000 | E58: =26000+425000+41000 -> 492000 | F58: =SUM('ROTE 2026'!$C58:$E58) -> 2538000
A59: 46079 | B59: 46079 | C59: =21000+21000+26000+15000+21000+21000+34000 -> 159000 | D59: =3303000+507000 -> 3810000 | F59: =SUM('ROTE 2026'!$C59:$E59) -> 3969000
A60: 46080 | B60: 46080 | D60: =1853000 -> 1853000 | F60: =SUM('ROTE 2026'!$C60:$E60) -> 1853000
A61: 46081 | B61: 46081 | F61: =SUM('ROTE 2026'!$C61:$E61) -> 0
A62: 46082 | B62: 46082 | F62: =SUM('ROTE 2026'!$C62:$E62) -> 0
A63: 46083 | B63: 46083 | F63: =SUM('ROTE 2026'!$C63:$E63) -> 0
A64: 46084 | B64: 46084 | F64: =SUM('ROTE 2026'!$C64:$E64) -> 0
A65: 46085 | B65: 46085 | F65: =SUM('ROTE 2026'!$C65:$E65) -> 0
A66: 46086 | B66: 46086 | F66: =SUM('ROTE 2026'!$C66:$E66) -> 0
A67: 46087 | B67: 46087 | F67: =SUM('ROTE 2026'!$C67:$E67) -> 0
A68: 46088 | B68: 46088 | F68: =SUM('ROTE 2026'!$C68:$E68) -> 0
A69: 46089 | B69: 46089 | F69: =SUM('ROTE 2026'!$C69:$E69) -> 0
A70: 46090 | B70: 46090 | F70: =SUM('ROTE 2026'!$C70:$E70) -> 0
A71: 46091 | B71: 46091 | F71: =SUM('ROTE 2026'!$C71:$E71) -> 0
A72: 46092 | B72: 46092 | F72: =SUM('ROTE 2026'!$C72:$E72) -> 0
... A400: 46420 | B400: 46420 | F400: =SUM('ROTE 2026'!$C400:$E400) -> 0

Sheet SABU 2026
A1: TOTAL | C1: SETORAN BANK | F1: =SUBTOTAL(9,F3:F395) -> 194060678
A2: Hari | B2: Tanggal | C2: BRI | D2: BNI | E2: LAINNYA | F2: TOTAL SETORAN
A3: 46023 | B3: 46023 | F3: =SUM('SABU 2026'!$C3:$E3) -> 0
A4: 46024 | B4: 46024 | F4: =SUM('SABU 2026'!$C4:$E4) -> 0
A5: 46025 | B5: 46025 | C5: =77000+550000+26000+26000+100000+44000+26000+285700 -> 1134700 | F5: =SUM('SABU 2026'!$C5:$E5) -> 1134700
A6: 46026 | B6: 46026 | C6: =264000+71000+358200+590000 -> 1283200 | F6: =SUM('SABU 2026'!$C6:$E6) -> 1283200
A7: 46027 | B7: 46027 | C7: =186000 -> 186000 | F7: =SUM('SABU 2026'!$C7:$E7) -> 186000
A8: 46028 | B8: 46028 | C8: =11956871+1872060+591087+320000+26000+101000+5091599 -> 19958617 | F8: =SUM('SABU 2026'!$C8:$E8) -> 19958617
A9: 46029 | B9: 46029 | C9: =1287800+175000+3261900+590013 -> 5314713 | F9: =SUM('SABU 2026'!$C9:$E9) -> 5314713
A10: 46030 | B10: 46030 | C10: =350000+26000+52000+26000 -> 454000 | F10: =SUM('SABU 2026'!$C10:$E10) -> 454000
A11: 46031 | B11: 46031 | C11: =1709394+6966306+300000+621000 -> 9596700 | F11: =SUM('SABU 2026'!$C11:$E11) -> 9596700
A12: 46032 | B12: 46032 | C12: =202709+26000+51000+690000+178000 -> 1147709 | F12: =SUM('SABU 2026'!$C12:$E12) -> 1147709
A13: 46033 | B13: 46033 | F13: =SUM('SABU 2026'!$C13:$E13) -> 0
A14: 46034 | B14: 46034 | C14: =1745353+6432091+795058+860300 -> 9832802 | F14: =SUM('SABU 2026'!$C14:$E14) -> 9832802
A15: 46035 | B15: 46035 | C15: =26000+76000+26000 -> 128000 | F15: =SUM('SABU 2026'!$C15:$E15) -> 128000
A16: 46036 | B16: 46036 | C16: =4220200 -> 4220200 | F16: =SUM('SABU 2026'!$C16:$E16) -> 4220200
A17: 46037 | B17: 46037 | C17: =34000+76000+52000+26000+89000 -> 277000 | F17: =SUM('SABU 2026'!$C17:$E17) -> 277000
A18: 46038 | B18: 46038 | F18: =SUM('SABU 2026'!$C18:$E18) -> 0
A19: 46039 | B19: 46039 | C19: =78000+235000+26000+26000+26000 -> 391000 | F19: =SUM('SABU 2026'!$C19:$E19) -> 391000
A20: 46040 | B20: 46040 | F20: =SUM('SABU 2026'!$C20:$E20) -> 0
A21: 46041 | B21: 46041 | C21: =4648769+1628071+5850488+214000+11161657+494000 -> 23996985 | F21: =SUM('SABU 2026'!$C21:$E21) -> 23996985
A22: 46042 | B22: 46042 | C22: =128000 -> 128000 | F22: =SUM('SABU 2026'!$C22:$E22) -> 128000
A23: 46043 | B23: 46043 | F23: =SUM('SABU 2026'!$C23:$E23) -> 0
A24: 46044 | B24: 46044 | F24: =SUM('SABU 2026'!$C24:$E24) -> 0
A25: 46045 | B25: 46045 | F25: =SUM('SABU 2026'!$C25:$E25) -> 0
A26: 46046 | B26: 46046 | F26: =SUM('SABU 2026'!$C26:$E26) -> 0
A27: 46047 | B27: 46047 | F27: =SUM('SABU 2026'!$C27:$E27) -> 0
A28: 46048 | B28: 46048 | F28: =SUM('SABU 2026'!$C28:$E28) -> 0
A29: 46049 | B29: 46049 | F29: =SUM('SABU 2026'!$C29:$E29) -> 0
A30: 46050 | B30: 46050 | F30: =SUM('SABU 2026'!$C30:$E30) -> 0
A31: 46051 | B31: 46051 | F31: =SUM('SABU 2026'!$C31:$E31) -> 0
A32: 46052 | B32: 46052 | F32: =SUM('SABU 2026'!$C32:$E32) -> 0
A33: 46053 | B33: 46053 | C33: =34000+128000+127000+52000+325000+51000+77000+76000+26000+44000+26000+26000+55000+100000 -> 1147000 | F33: =SUM('SABU 2026'!$C33:$E33) -> 1147000
A34: 46054 | B34: 46054 | C34: =136000+102000+222000+277000+61000+190000+26000+26000+26000 -> 1066000 | F34: =SUM('SABU 2026'!$C34:$E34) -> 1066000
A35: 46055 | B35: 46055 | C35: =10498958+10273330+99000+125000+115000 -> 21111288 | F35: =SUM('SABU 2026'!$C35:$E35) -> 21111288
A36: 46056 | B36: 46056 | C36: =392000+26000+26000 -> 444000 | F36: =SUM('SABU 2026'!$C36:$E36) -> 444000
A37: 46057 | B37: 46057 | F37: =SUM('SABU 2026'!$C37:$E37) -> 0
A38: 46058 | B38: 46058 | C38: =6564963+9981935+765413+26000+4808412 -> 22146723 | F38: =SUM('SABU 2026'!$C38:$E38) -> 22146723
A39: 46059 | B39: 46059 | C39: =68000 -> 68000 | F39: =SUM('SABU 2026'!$C39:$E39) -> 68000
A40: 46060 | B40: 46060 | C40: =1345000+369600+149068+52000+26000+44000+1282475 -> 3268143 | F40: =SUM('SABU 2026'!$C40:$E40) -> 3268143
A41: 46061 | B41: 46061 | C41: =34000+34000+259000 -> 327000 | F41: =SUM('SABU 2026'!$C41:$E41) -> 327000
A42: 46062 | B42: 46062 | C42: =507000+3292305+1538680+294000 -> 5631985 | F42: =SUM('SABU 2026'!$C42:$E42) -> 5631985
A43: 46063 | B43: 46063 | C43: =385113+26000+26000+317000+26000+26000+380000 -> 1186113 | F43: =SUM('SABU 2026'!$C43:$E43) -> 1186113
A44: 46064 | B44: 46064 | C44: =583000+34000 -> 617000 | F44: =SUM('SABU 2026'!$C44:$E44) -> 617000
A45: 46065 | B45: 46065 | C45: =8970902+588000+300000+1539900+26000+76000+690000+26000+52000+112000+51000+2174314 -> 14606116 | F45: =SUM('SABU 2026'!$C45:$E45) -> 14606116
A46: 46066 | B46: 46066 | F46: =SUM('SABU 2026'!$C46:$E46) -> 0
A47: 46067 | B47: 46067 | C47: =214240+208000+260000+319250+51000 -> 1052490 | F47: =SUM('SABU 2026'!$C47:$E47) -> 1052490
A48: 46068 | B48: 46068 | F48: =SUM('SABU 2026'!$C48:$E48) -> 0
A49: 46069 | B49: 46069 | F49: =SUM('SABU 2026'!$C49:$E49) -> 0
A50: 46070 | B50: 46070 | C50: =210585+26000+26000+1205000+51000 -> 1518585 | F50: =SUM('SABU 2026'!$C50:$E50) -> 1518585
A51: 46071 | B51: 46071 | C51: =173000+6115317+5762000+1058000+5855340+36000+387898+1389000 -> 20776555 | F51: =SUM('SABU 2026'!$C51:$E51) -> 20776555
A52: 46072 | B52: 46072 | C52: =52000+270000+26000+26000+2848679 -> 3222679 | F52: =SUM('SABU 2026'!$C52:$E52) -> 3222679
A53: 46073 | B53: 46073 | C53: =198000 -> 198000 | F53: =SUM('SABU 2026'!$C53:$E53) -> 198000
A54: 46074 | B54: 46074 | C54: =26000+52000+17000+68000+51000 -> 214000 | F54: =SUM('SABU 2026'!$C54:$E54) -> 214000
A55: 46075 | B55: 46075 | F55: =SUM('SABU 2026'!$C55:$E55) -> 0
A56: 46076 | B56: 46076 | C56: =3670894+57000 -> 3727894 | F56: =SUM('SABU 2026'!$C56:$E56) -> 3727894
A57: 46077 | B57: 46077 | C57: =51000+309200+26000+26000+34000+26000+26000+26000+26000 -> 550200 | F57: =SUM('SABU 2026'!$C57:$E57) -> 550200
A58: 46078 | B58: 46078 | C58: =7067235 -> 7067235 | F58: =SUM('SABU 2026'!$C58:$E58) -> 7067235
A59: 46079 | B59: 46079 | C59: =87000+26000+300000+26000 -> 439000 | F59: =SUM('SABU 2026'!$C59:$E59) -> 439000
A60: 46080 | B60: 46080 | C60: =5625046 -> 5625046 | F60: =SUM('SABU 2026'!$C60:$E60) -> 5625046
A61: 46081 | B61: 46081 | F61: =SUM('SABU 2026'!$C61:$E61) -> 0
A62: 46082 | B62: 46082 | F62: =SUM('SABU 2026'!$C62:$E62) -> 0
A63: 46083 | B63: 46083 | F63: =SUM('SABU 2026'!$C63:$E63) -> 0
A64: 46084 | B64: 46084 | F64: =SUM('SABU 2026'!$C64:$E64) -> 0
A65: 46085 | B65: 46085 | F65: =SUM('SABU 2026'!$C65:$E65) -> 0
A66: 46086 | B66: 46086 | F66: =SUM('SABU 2026'!$C66:$E66) -> 0
A67: 46087 | B67: 46087 | F67: =SUM('SABU 2026'!$C67:$E67) -> 0
A68: 46088 | B68: 46088 | F68: =SUM('SABU 2026'!$C68:$E68) -> 0
A69: 46089 | B69: 46089 | F69: =SUM('SABU 2026'!$C69:$E69) -> 0
A70: 46090 | B70: 46090 | F70: =SUM('SABU 2026'!$C70:$E70) -> 0
A71: 46091 | B71: 46091 | F71: =SUM('SABU 2026'!$C71:$E71) -> 0
A72: 46092 | B72: 46092 | F72: =SUM('SABU 2026'!$C72:$E72) -> 0
... A395: 46415 | B395: 46415 | F395: =SUM('SABU 2026'!$C395:$E395) -> 0

Sheet SEMAU 2026
A1: TOTAL | C1: SETORAN BANK | F1: =SUBTOTAL(9,F3:F414) -> 3575200
A2: Hari | B2: Tanggal | C2: BRI | D2: BNI | E2: LAINNYA | F2: TOTAL SETORAN
A3: 46023 | B3: 46023 | F3: =SUM('SEMAU 2026'!$C3:$E3) -> 0
A4: 46024 | B4: 46024 | C4: =101000 -> 101000 | F4: =SUM('SEMAU 2026'!$C4:$E4) -> 101000
A5: 46025 | B5: 46025 | F5: =SUM('SEMAU 2026'!$C5:$E5) -> 0
A6: 46026 | B6: 46026 | F6: =SUM('SEMAU 2026'!$C6:$E6) -> 0
A7: 46027 | B7: 46027 | F7: =SUM('SEMAU 2026'!$C7:$E7) -> 0
A8: 46028 | B8: 46028 | F8: =SUM('SEMAU 2026'!$C8:$E8) -> 0
A9: 46029 | B9: 46029 | E9: =423000 -> 423000 | F9: =SUM('SEMAU 2026'!$C9:$E9) -> 423000
A10: 46030 | B10: 46030 | F10: =SUM('SEMAU 2026'!$C10:$E10) -> 0
A11: 46031 | B11: 46031 | C11: =856000 -> 856000 | F11: =SUM('SEMAU 2026'!$C11:$E11) -> 856000
A12: 46032 | B12: 46032 | F12: =SUM('SEMAU 2026'!$C12:$E12) -> 0
A13: 46033 | B13: 46033 | F13: =SUM('SEMAU 2026'!$C13:$E13) -> 0
A14: 46034 | B14: 46034 | F14: =SUM('SEMAU 2026'!$C14:$E14) -> 0
A15: 46035 | B15: 46035 | F15: =SUM('SEMAU 2026'!$C15:$E15) -> 0
A16: 46036 | B16: 46036 | F16: =SUM('SEMAU 2026'!$C16:$E16) -> 0
A17: 46037 | B17: 46037 | F17: =SUM('SEMAU 2026'!$C17:$E17) -> 0
A18: 46038 | B18: 46038 | F18: =SUM('SEMAU 2026'!$C18:$E18) -> 0
A19: 46039 | B19: 46039 | F19: =SUM('SEMAU 2026'!$C19:$E19) -> 0
A20: 46040 | B20: 46040 | F20: =SUM('SEMAU 2026'!$C20:$E20) -> 0
A21: 46041 | B21: 46041 | F21: =SUM('SEMAU 2026'!$C21:$E21) -> 0
A22: 46042 | B22: 46042 | F22: =SUM('SEMAU 2026'!$C22:$E22) -> 0
A23: 46043 | B23: 46043 | E23: =558000 -> 558000 | F23: =SUM('SEMAU 2026'!$C23:$E23) -> 558000
A24: 46044 | B24: 46044 | F24: =SUM('SEMAU 2026'!$C24:$E24) -> 0
A25: 46045 | B25: 46045 | F25: =SUM('SEMAU 2026'!$C25:$E25) -> 0
A26: 46046 | B26: 46046 | F26: =SUM('SEMAU 2026'!$C26:$E26) -> 0
A27: 46047 | B27: 46047 | F27: =SUM('SEMAU 2026'!$C27:$E27) -> 0
A28: 46048 | B28: 46048 | F28: =SUM('SEMAU 2026'!$C28:$E28) -> 0
A29: 46049 | B29: 46049 | F29: =SUM('SEMAU 2026'!$C29:$E29) -> 0
A30: 46050 | B30: 46050 | F30: =SUM('SEMAU 2026'!$C30:$E30) -> 0
A31: 46051 | B31: 46051 | F31: =SUM('SEMAU 2026'!$C31:$E31) -> 0
A32: 46052 | B32: 46052 | F32: =SUM('SEMAU 2026'!$C32:$E32) -> 0
A33: 46053 | B33: 46053 | F33: =SUM('SEMAU 2026'!$C33:$E33) -> 0
A34: 46054 | B34: 46054 | F34: =SUM('SEMAU 2026'!$C34:$E34) -> 0
A35: 46055 | B35: 46055 | F35: =SUM('SEMAU 2026'!$C35:$E35) -> 0
A36: 46056 | B36: 46056 | E36: =322200 -> 322200 | F36: =SUM('SEMAU 2026'!$C36:$E36) -> 322200
A37: 46057 | B37: 46057 | F37: =SUM('SEMAU 2026'!$C37:$E37) -> 0
A38: 46058 | B38: 46058 | F38: =SUM('SEMAU 2026'!$C38:$E38) -> 0
A39: 46059 | B39: 46059 | F39: =SUM('SEMAU 2026'!$C39:$E39) -> 0
A40: 46060 | B40: 46060 | F40: =SUM('SEMAU 2026'!$C40:$E40) -> 0
A41: 46061 | B41: 46061 | F41: =SUM('SEMAU 2026'!$C41:$E41) -> 0
A42: 46062 | B42: 46062 | F42: =SUM('SEMAU 2026'!$C42:$E42) -> 0
A43: 46063 | B43: 46063 | E43: =778000 -> 778000 | F43: =SUM('SEMAU 2026'!$C43:$E43) -> 778000
A44: 46064 | B44: 46064 | F44: =SUM('SEMAU 2026'!$C44:$E44) -> 0
A45: 46065 | B45: 46065 | F45: =SUM('SEMAU 2026'!$C45:$E45) -> 0
A46: 46066 | B46: 46066 | F46: =SUM('SEMAU 2026'!$C46:$E46) -> 0
A47: 46067 | B47: 46067 | F47: =SUM('SEMAU 2026'!$C47:$E47) -> 0
A48: 46068 | B48: 46068 | F48: =SUM('SEMAU 2026'!$C48:$E48) -> 0
A49: 46069 | B49: 46069 | F49: =SUM('SEMAU 2026'!$C49:$E49) -> 0
A50: 46070 | B50: 46070 | F50: =SUM('SEMAU 2026'!$C50:$E50) -> 0
A51: 46071 | B51: 46071 | F51: =SUM('SEMAU 2026'!$C51:$E51) -> 0
A52: 46072 | B52: 46072 | F52: =SUM('SEMAU 2026'!$C52:$E52) -> 0
A53: 46073 | B53: 46073 | F53: =SUM('SEMAU 2026'!$C53:$E53) -> 0
A54: 46074 | B54: 46074 | F54: =SUM('SEMAU 2026'!$C54:$E54) -> 0
A55: 46075 | B55: 46075 | F55: =SUM('SEMAU 2026'!$C55:$E55) -> 0
A56: 46076 | B56: 46076 | F56: =SUM('SEMAU 2026'!$C56:$E56) -> 0
A57: 46077 | B57: 46077 | C57: =537000 -> 537000 | F57: =SUM('SEMAU 2026'!$C57:$E57) -> 537000
A58: 46078 | B58: 46078 | F58: =SUM('SEMAU 2026'!$C58:$E58) -> 0
A59: 46079 | B59: 46079 | F59: =SUM('SEMAU 2026'!$C59:$E59) -> 0
A60: 46080 | B60: 46080 | F60: =SUM('SEMAU 2026'!$C60:$E60) -> 0
A61: 46081 | B61: 46081 | F61: =SUM('SEMAU 2026'!$C61:$E61) -> 0
A62: 46082 | B62: 46082 | F62: =SUM('SEMAU 2026'!$C62:$E62) -> 0
A63: 46083 | B63: 46083 | F63: =SUM('SEMAU 2026'!$C63:$E63) -> 0
A64: 46084 | B64: 46084 | F64: =SUM('SEMAU 2026'!$C64:$E64) -> 0
A65: 46085 | B65: 46085 | F65: =SUM('SEMAU 2026'!$C65:$E65) -> 0
A66: 46086 | B66: 46086 | F66: =SUM('SEMAU 2026'!$C66:$E66) -> 0
A67: 46087 | B67: 46087 | F67: =SUM('SEMAU 2026'!$C67:$E67) -> 0
A68: 46088 | B68: 46088 | F68: =SUM('SEMAU 2026'!$C68:$E68) -> 0
A69: 46089 | B69: 46089 | F69: =SUM('SEMAU 2026'!$C69:$E69) -> 0
... A414: 46434 | B414: 46434 | F414: =SUM('SEMAU 2026'!$C414:$E414) -> 0

Sheet SOE 2026
A1: TOTAL | C1: SETORAN BANK | F1: =SUBTOTAL(9,F3:F396) -> 173956993
A2: Hari | B2: Tanggal | C2: BRI | D2: BNI | E2: LAINNYA | F2: TOTAL SETORAN
A3: 46023 | B3: 46023 | F3: =SUM('SOE 2026'!$C3:$E3) -> 0
A4: 46024 | B4: 46024 | C4: =2000000+21000 -> 2021000 | F4: =SUM('SOE 2026'!$C4:$E4) -> 2021000
A5: 46025 | B5: 46025 | C5: =2500000+252775 -> 2752775 | F5: =SUM('SOE 2026'!$C5:$E5) -> 2752775
A6: 46026 | B6: 46026 | F6: =SUM('SOE 2026'!$C6:$E6) -> 0
A7: 46027 | B7: 46027 | C7: =21000 -> 21000 | F7: =SUM('SOE 2026'!$C7:$E7) -> 21000
A8: 46028 | B8: 46028 | C8: =10509000 -> 10509000 | D8: =250000 -> 250000 | F8: =SUM('SOE 2026'!$C8:$E8) -> 10759000
A9: 46029 | B9: 46029 | C9: =100000+229000 -> 329000 | F9: =SUM('SOE 2026'!$C9:$E9) -> 329000
A10: 46030 | B10: 46030 | C10: =39000+97000+999000+281000 -> 1416000 | F10: =SUM('SOE 2026'!$C10:$E10) -> 1416000
A11: 46031 | B11: 46031 | C11: =21000+211000+769000+289000+21000 -> 1311000 | F11: =SUM('SOE 2026'!$C11:$E11) -> 1311000
A12: 46032 | B12: 46032 | C12: =21000 -> 21000 | F12: =SUM('SOE 2026'!$C12:$E12) -> 21000
A13: 46033 | B13: 46033 | F13: =SUM('SOE 2026'!$C13:$E13) -> 0
A14: 46034 | B14: 46034 | C14: =999000+116000+229000+285000+1300000+25490500+87000+21000+21000+21000 -> 28569500 | F14: =SUM('SOE 2026'!$C14:$E14) -> 28569500
A15: 46035 | B15: 46035 | C15: =180000+97000+21000+21000+21000+21000+21000+357000+475000 -> 1214000 | D15: =100000 -> 100000 | F15: =SUM('SOE 2026'!$C15:$E15) -> 1314000
A16: 46036 | B16: 46036 | C16: =145000+100000+97000 -> 342000 | F16: =SUM('SOE 2026'!$C16:$E16) -> 342000
A17: 46037 | B17: 46037 | C17: =44000+270000+9850000 -> 10164000 | D17: =2139880 -> 2139880 | F17: =SUM('SOE 2026'!$C17:$E17) -> 12303880
A18: 46038 | B18: 46038 | C18: =21000+288000+21000+21000 -> 351000 | F18: =SUM('SOE 2026'!$C18:$E18) -> 351000
A19: 46039 | B19: 46039 | C19: =21000+163000 -> 184000 | F19: =SUM('SOE 2026'!$C19:$E19) -> 184000
A20: 46040 | B20: 46040 | F20: =SUM('SOE 2026'!$C20:$E20) -> 0
A21: 46041 | B21: 46041 | C21: =21000+21000+21000+26000+21000+39000 -> 149000 | F21: =SUM('SOE 2026'!$C21:$E21) -> 149000
A22: 46042 | B22: 46042 | C22: =388000+21000 -> 409000 | D22: =1095000 -> 1095000 | F22: =SUM('SOE 2026'!$C22:$E22) -> 1504000
A23: 46043 | B23: 46043 | C23: =13113500+61000+280350+41000+21000+21000 -> 13537850 | F23: =SUM('SOE 2026'!$C23:$E23) -> 13537850
A24: 46044 | B24: 46044 | C24: =21000+42000+83000+869000+712000+21000 -> 1748000 | F24: =SUM('SOE 2026'!$C24:$E24) -> 1748000
A25: 46045 | B25: 46045 | C25: =3366000+30000+42000 -> 3438000 | D25: =1203000+5563000 -> 6766000 | F25: =SUM('SOE 2026'!$C25:$E25) -> 10204000
A26: 46046 | B26: 46046 | C26: =21000+21000+44000 -> 86000 | F26: =SUM('SOE 2026'!$C26:$E26) -> 86000
A27: 46047 | B27: 46047 | C27: =86000 -> 86000 | D27: =21000 -> 21000 | F27: =SUM('SOE 2026'!$C27:$E27) -> 107000
A28: 46048 | B28: 46048 | C28: =21000+21000+21000+15000+83000 -> 161000 | D28: =348000 -> 348000 | F28: =SUM('SOE 2026'!$C28:$E28) -> 509000
A29: 46049 | B29: 46049 | C29: =21000+900000 -> 921000 | D29: =300000 -> 300000 | F29: =SUM('SOE 2026'!$C29:$E29) -> 1221000
A30: 46050 | B30: 46050 | C30: =20000+21000 -> 41000 | D30: =338000 -> 338000 | F30: =SUM('SOE 2026'!$C30:$E30) -> 379000
A31: 46051 | B31: 46051 | C31: =8821500+21000+41000+21000+21000+21000+21000 -> 8967500 | F31: =SUM('SOE 2026'!$C31:$E31) -> 8967500
A32: 46052 | B32: 46052 | C32: =39000+21000+21000+41000+26000+21000 -> 169000 | D32: =1230000 -> 1230000 | F32: =SUM('SOE 2026'!$C32:$E32) -> 1399000
A33: 46053 | B33: 46053 | C33: =42000+21000+21000 -> 84000 | D33: =21000 -> 21000 | F33: =SUM('SOE 2026'!$C33:$E33) -> 105000
A34: 46054 | B34: 46054 | F34: =SUM('SOE 2026'!$C34:$E34) -> 0
A35: 46055 | B35: 46055 | C35: =340000+900000+21000+31000+21000+21000 -> 1334000 | F35: =SUM('SOE 2026'!$C35:$E35) -> 1334000
A36: 46056 | B36: 46056 | C36: =5000000+257000+4167000+21000+21000+21000 -> 9487000 | F36: =SUM('SOE 2026'!$C36:$E36) -> 9487000
A37: 46057 | B37: 46057 | C37: =21000+21000 -> 42000 | D37: =400000 -> 400000 | F37: =SUM('SOE 2026'!$C37:$E37) -> 442000
A38: 46058 | B38: 46058 | C38: =44000+21000+21000 -> 86000 | D38: =42000 -> 42000 | F38: =SUM('SOE 2026'!$C38:$E38) -> 128000
A39: 46059 | B39: 46059 | C39: =21000+21000+550000+6346500 -> 6938500 | F39: =SUM('SOE 2026'!$C39:$E39) -> 6938500
A40: 46060 | B40: 46060 | C40: =82000 -> 82000 | F40: =SUM('SOE 2026'!$C40:$E40) -> 82000
A41: 46061 | B41: 46061 | F41: =SUM('SOE 2026'!$C41:$E41) -> 0
A42: 46062 | B42: 46062 | C42: =1851000+21000+97000 -> 1969000 | D42: =21000 -> 21000 | F42: =SUM('SOE 2026'!$C42:$E42) -> 1990000
A43: 46063 | B43: 46063 | C43: =21000+305000+21000+16000 -> 363000 | F43: =SUM('SOE 2026'!$C43:$E43) -> 363000
A44: 46064 | B44: 46064 | C44: =10810000+21000+21000+41000 -> 10893000 | F44: =SUM('SOE 2026'!$C44:$E44) -> 10893000
A45: 46065 | B45: 46065 | C45: =21000+260000+41000 -> 322000 | F45: =SUM('SOE 2026'!$C45:$E45) -> 322000
A46: 46066 | B46: 46066 | C46: =229000+61000+21000 -> 311000 | F46: =SUM('SOE 2026'!$C46:$E46) -> 311000
A47: 46067 | B47: 46067 | C47: =21000+400000+21000+40000+21000+21000 -> 524000 | F47: =SUM('SOE 2026'!$C47:$E47) -> 524000
A48: 46068 | B48: 46068 | C48: =9735000 -> 9735000 | F48: =SUM('SOE 2026'!$C48:$E48) -> 9735000
A49: 46069 | B49: 46069 | C49: =21000 -> 21000 | F49: =SUM('SOE 2026'!$C49:$E49) -> 21000
A50: 46070 | B50: 46070 | C50: =21000+21000+21000+15000+21000+215000 -> 314000 | F50: =SUM('SOE 2026'!$C50:$E50) -> 314000
A51: 46071 | B51: 46071 | C51: =26000 -> 26000 | F51: =SUM('SOE 2026'!$C51:$E51) -> 26000
A52: 46072 | B52: 46072 | C52: =10405500+39000+41000+21000+21000+42000+41000+39000+21000 -> 10670500 | F52: =SUM('SOE 2026'!$C52:$E52) -> 10670500
A53: 46073 | B53: 46073 | C53: =21000+52000+190000 -> 263000 | F53: =SUM('SOE 2026'!$C53:$E53) -> 263000
A54: 46074 | B54: 46074 | C54: =252350+1000000+21000+39000+800000 -> 2112350 | F54: =SUM('SOE 2026'!$C54:$E54) -> 2112350
A55: 46075 | B55: 46075 | F55: =SUM('SOE 2026'!$C55:$E55) -> 0
A56: 46076 | B56: 46076 | C56: =3633000+21000+21000+60000 -> 3735000 | D56: =264000 -> 264000 | F56: =SUM('SOE 2026'!$C56:$E56) -> 3999000
A57: 46077 | B57: 46077 | C57: =21000+39000+21000+21000 -> 102000 | F57: =SUM('SOE 2026'!$C57:$E57) -> 102000
A58: 46078 | B58: 46078 | C58: =21000 -> 21000 | D58: =1138+400000 -> 401138 | F58: =SUM('SOE 2026'!$C58:$E58) -> 422138
A59: 46079 | B59: 46079 | C59: =21000+494000 -> 515000 | F59: =SUM('SOE 2026'!$C59:$E59) -> 515000
A60: 46080 | B60: 46080 | C60: =11351000 -> 11351000 | F60: =SUM('SOE 2026'!$C60:$E60) -> 11351000
A61: 46081 | B61: 46081 | F61: =SUM('SOE 2026'!$C61:$E61) -> 0
A62: 46082 | B62: 46082 | F62: =SUM('SOE 2026'!$C62:$E62) -> 0
A63: 46083 | B63: 46083 | F63: =SUM('SOE 2026'!$C63:$E63) -> 0
A64: 46084 | B64: 46084 | F64: =SUM('SOE 2026'!$C64:$E64) -> 0
A65: 46085 | B65: 46085 | F65: =SUM('SOE 2026'!$C65:$E65) -> 0
A66: 46086 | B66: 46086 | F66: =SUM('SOE 2026'!$C66:$E66) -> 0
A67: 46087 | B67: 46087 | F67: =SUM('SOE 2026'!$C67:$E67) -> 0
A68: 46088 | B68: 46088 | F68: =SUM('SOE 2026'!$C68:$E68) -> 0
A69: 46089 | B69: 46089 | F69: =SUM('SOE 2026'!$C69:$E69) -> 0
A70: 46090 | B70: 46090 | F70: =SUM('SOE 2026'!$C70:$E70) -> 0
A71: 46091 | B71: 46091 | F71: =SUM('SOE 2026'!$C71:$E71) -> 0
A72: 46092 | B72: 46092 | F72: =SUM('SOE 2026'!$C72:$E72) -> 0
... A396: 46416 | B396: 46416 | F396: =SUM('SOE 2026'!$C396:$E396) -> 0

Sheet TAMBOLAKA 2026
A1: TOTAL | C1: SETORAN BANK | F1: =SUBTOTAL(9,F3:F396) -> 183740270
A2: Hari | B2: Tanggal | C2: BRI | D2: BNI | E2: LAINNYA | F2: TOTAL SETORAN
A3: 46023 | B3: 46023 | F3: =SUM('TAMBOLAKA 2026'!$C3:$E3) -> 0
A4: 46024 | B4: 46024 | C4: =80000+200000+1290000+300000+26000 -> 1896000 | D4: =3657000+51000 -> 3708000 | F4: =SUM('TAMBOLAKA 2026'!$C4:$E4) -> 5604000
A5: 46025 | B5: 46025 | C5: =200000+57000 -> 257000 | D5: =48000+100000+5000 -> 153000 | F5: =SUM('TAMBOLAKA 2026'!$C5:$E5) -> 410000
A6: 46026 | B6: 46026 | F6: =SUM('TAMBOLAKA 2026'!$C6:$E6) -> 0
A7: 46027 | B7: 46027 | C7: =1221000 -> 1221000 | D7: =5683000+65000+150000 -> 5898000 | E7: =499490 -> 499490 | F7: =SUM('TAMBOLAKA 2026'!$C7:$E7) -> 7618490
A8: 46028 | B8: 46028 | D8: =50000+100000+173000+400000 -> 723000 | F8: =SUM('TAMBOLAKA 2026'!$C8:$E8) -> 723000
A9: 46029 | B9: 46029 | C9: =1000000 -> 1000000 | D9: =2752500 -> 2752500 | F9: =SUM('TAMBOLAKA 2026'!$C9:$E9) -> 3752500
A10: 46030 | B10: 46030 | D10: =300000+26000+743000+90000+101000+26000+26000+26000+51000+400000 -> 1789000 | F10: =SUM('TAMBOLAKA 2026'!$C10:$E10) -> 1789000
A11: 46031 | B11: 46031 | D11: =3719500+255000+51000+150000 -> 4175500 | F11: =SUM('TAMBOLAKA 2026'!$C11:$E11) -> 4175500
A12: 46032 | B12: 46032 | C12: =97000+1377000+999000+34000+26000 -> 2533000 | D12: =158000+565000+1300000+1135000+60000+500000+51000 -> 3769000 | F12: =SUM('TAMBOLAKA 2026'!$C12:$E12) -> 6302000
A13: 46033 | B13: 46033 | F13: =SUM('TAMBOLAKA 2026'!$C13:$E13) -> 0
A14: 46034 | B14: 46034 | C14: =160000+10000+261000+61000 -> 492000 | D14: =2717500+1500000+40000+26000+26000 -> 4309500 | F14: =SUM('TAMBOLAKA 2026'!$C14:$E14) -> 4801500
A15: 46035 | B15: 46035 | C15: =200000+26000+26000 -> 252000 | D15: =340000+50000 -> 390000 | F15: =SUM('TAMBOLAKA 2026'!$C15:$E15) -> 642000
A16: 46036 | B16: 46036 | C16: =30000 -> 30000 | D16: =6645000+26000+140000 -> 6811000 | F16: =SUM('TAMBOLAKA 2026'!$C16:$E16) -> 6841000
A17: 46037 | B17: 46037 | C17: =1000000+26000 -> 1026000 | D17: =303500+26000+77000 -> 406500 | F17: =SUM('TAMBOLAKA 2026'!$C17:$E17) -> 1432500
A18: 46038 | B18: 46038 | C18: =854900+200000 -> 1054900 | D18: =200000 -> 200000 | F18: =SUM('TAMBOLAKA 2026'!$C18:$E18) -> 1254900
A19: 46039 | B19: 46039 | C19: =72000+100000+26000+1463300+26000+76000+26000+51000+26000 -> 1866300 | D19: =40000+34000+26000+26000 -> 126000 | F19: =SUM('TAMBOLAKA 2026'!$C19:$E19) -> 1992300
A20: 46040 | B20: 46040 | F20: =SUM('TAMBOLAKA 2026'!$C20:$E20) -> 0
A21: 46041 | B21: 46041 | C21: =26000+51000+350000+101000+1944000+26000+300000+177000 -> 2975000 | D21: =5022000+26000+143000+236000 -> 5427000 | F21: =SUM('TAMBOLAKA 2026'!$C21:$E21) -> 8402000
A22: 46042 | B22: 46042 | C22: =26000+119000 -> 145000 | D22: =235000 -> 235000 | F22: =SUM('TAMBOLAKA 2026'!$C22:$E22) -> 380000
A23: 46043 | B23: 46043 | C23: =500000 -> 500000 | D23: =200000+79000 -> 279000 | F23: =SUM('TAMBOLAKA 2026'!$C23:$E23) -> 779000
A24: 46044 | B24: 46044 | C24: =51000+26000+197000+51000+26000+200000 -> 551000 | D24: =11555000+26000+93000+68000+31000+500000 -> 12273000 | F24: =SUM('TAMBOLAKA 2026'!$C24:$E24) -> 12824000
A25: 46045 | B25: 46045 | D25: =2414000+995000 -> 3409000 | F25: =SUM('TAMBOLAKA 2026'!$C25:$E25) -> 3409000
A26: 46046 | B26: 46046 | C26: =76000+26000+1417900 -> 1519900 | D26: =52000+478000+26000+34000 -> 590000 | F26: =SUM('TAMBOLAKA 2026'!$C26:$E26) -> 2109900
A27: 46047 | B27: 46047 | F27: =SUM('TAMBOLAKA 2026'!$C27:$E27) -> 0
A28: 46048 | B28: 46048 | C28: =50000+51000+78000 -> 179000 | D28: =7697500+68000+300000+50000+450000 -> 8565500 | F28: =SUM('TAMBOLAKA 2026'!$C28:$E28) -> 8744500
A29: 46049 | B29: 46049 | F29: =SUM('TAMBOLAKA 2026'!$C29:$E29) -> 0
A30: 46050 | B30: 46050 | C30: =1447200+76000+26000 -> 1549200 | D30: =4545000 -> 4545000 | F30: =SUM('TAMBOLAKA 2026'!$C30:$E30) -> 6094200
A31: 46051 | B31: 46051 | C31: =26000+76000 -> 102000 | D31: =51000+34000+26000+13000 -> 124000 | F31: =SUM('TAMBOLAKA 2026'!$C31:$E31) -> 226000
A32: 46052 | B32: 46052 | C32: =51000 -> 51000 | D32: =3664500+26000+21000+150000 -> 3861500 | F32: =SUM('TAMBOLAKA 2026'!$C32:$E32) -> 3912500
A33: 46053 | B33: 46053 | C33: =20000+40000+52000+1497000+51000 -> 1660000 | D33: =300000+77000+450000 -> 827000 | F33: =SUM('TAMBOLAKA 2026'!$C33:$E33) -> 2487000
A34: 46054 | B34: 46054 | F34: =SUM('TAMBOLAKA 2026'!$C34:$E34) -> 0
A35: 46055 | B35: 46055 | C35: =76000+76000+981000+26000+51000+272000+77000+130000+26000 -> 1715000 | D35: =1255000+700000+100000+34000+52000+230000+77000 -> 2448000 | F35: =SUM('TAMBOLAKA 2026'!$C35:$E35) -> 4163000
A36: 46056 | B36: 46056 | C36: =100000+26000+26000+26000+159000 -> 337000 | F36: =SUM('TAMBOLAKA 2026'!$C36:$E36) -> 337000
A37: 46057 | B37: 46057 | D37: =7403000+50000+55000 -> 7508000 | F37: =SUM('TAMBOLAKA 2026'!$C37:$E37) -> 7508000
A38: 46058 | B38: 46058 | C38: =26000 -> 26000 | F38: =SUM('TAMBOLAKA 2026'!$C38:$E38) -> 26000
A39: 46059 | B39: 46059 | C39: =350000+26000 -> 376000 | D39: =301000+78000+2473500+250000+344000+200000 -> 3646500 | F39: =SUM('TAMBOLAKA 2026'!$C39:$E39) -> 4022500
A40: 46060 | B40: 46060 | C40: =1500000+550000+52000+26000+76000+102000+242000+26000+55000+211000 -> 2840000 | D40: =26000+34000+500000+400000 -> 960000 | F40: =SUM('TAMBOLAKA 2026'!$C40:$E40) -> 3800000
A41: 46061 | B41: 46061 | F41: =SUM('TAMBOLAKA 2026'!$C41:$E41) -> 0
A42: 46062 | B42: 46062 | C42: =51000+255000+1412000+104000+50000+439480+26000+101000 -> 2438480 | D42: =4434000+50000+361000+26000+26000 -> 4897000 | F42: =SUM('TAMBOLAKA 2026'!$C42:$E42) -> 7335480
A43: 46063 | B43: 46063 | D43: =50000+1500000+201000 -> 1751000 | F43: =SUM('TAMBOLAKA 2026'!$C43:$E43) -> 1751000
A44: 46064 | B44: 46064 | C44: =279000+51000 -> 330000 | D44: =3813500+100000+50000 -> 3963500 | F44: =SUM('TAMBOLAKA 2026'!$C44:$E44) -> 4293500
A45: 46065 | B45: 46065 | C45: =26000+26000+44000+26000+52000+1217600+121000+990000 -> 2502600 | D45: =150000+26000+40000+280000 -> 496000 | F45: =SUM('TAMBOLAKA 2026'!$C45:$E45) -> 2998600
A46: 46066 | B46: 46066 | C46: =356000 -> 356000 | D46: =6949500+21000+50000 -> 7020500 | F46: =SUM('TAMBOLAKA 2026'!$C46:$E46) -> 7376500
A47: 46067 | B47: 46067 | C47: =26000+26000+26000+51000+26000 -> 155000 | D47: =411000+26000+97000+63500+300000+92000+4000000 -> 4989500 | F47: =SUM('TAMBOLAKA 2026'!$C47:$E47) -> 5144500
A48: 46068 | B48: 46068 | F48: =SUM('TAMBOLAKA 2026'!$C48:$E48) -> 0
A49: 46069 | B49: 46069 | C49: =77000+26000+26000+26000+75000+77000 -> 307000 | D49: =26000+26000+26000+52000+133000 -> 263000 | F49: =SUM('TAMBOLAKA 2026'!$C49:$E49) -> 570000
A50: 46070 | B50: 46070 | C50: =100000+200000 -> 300000 | D50: =241000+50000 -> 291000 | F50: =SUM('TAMBOLAKA 2026'!$C50:$E50) -> 591000
A51: 46071 | B51: 46071 | C51: =26000+1537600+258000+44000+1543300 -> 3408900 | D51: =7856500+26000 -> 7882500 | F51: =SUM('TAMBOLAKA 2026'!$C51:$E51) -> 11291400
A52: 46072 | B52: 46072 | C52: =200000 -> 200000 | D52: =50000 -> 50000 | F52: =SUM('TAMBOLAKA 2026'!$C52:$E52) -> 250000
A53: 46073 | B53: 46073 | C53: =26000+26000+51000+26000 -> 129000 | D53: =100000+4890000+79000+36000 -> 5105000 | F53: =SUM('TAMBOLAKA 2026'!$C53:$E53) -> 5234000
A54: 46074 | B54: 46074 | C54: =51000+26000+240000+26000+51000+26000+77000+135000+289000+269000+127000 -> 1317000 | D54: =52000+26000+26000+34000 -> 138000 | F54: =SUM('TAMBOLAKA 2026'!$C54:$E54) -> 1455000
A55: 46075 | B55: 46075 | F55: =SUM('TAMBOLAKA 2026'!$C55:$E55) -> 0
A56: 46076 | B56: 46076 | C56: =80000+26000+26000+26000+30000+34000+26000+26000+36000+26000+200000+35000+304500 -> 875500 | D56: =5970000+51000+26000 -> 6047000 | F56: =SUM('TAMBOLAKA 2026'!$C56:$E56) -> 6922500
A57: 46077 | B57: 46077 | C57: =51000+700000 -> 751000 | D57: =158000+26000 -> 184000 | F57: =SUM('TAMBOLAKA 2026'!$C57:$E57) -> 935000
A58: 46078 | B58: 46078 | D58: =4801000 -> 4801000 | F58: =SUM('TAMBOLAKA 2026'!$C58:$E58) -> 4801000
A59: 46079 | B59: 46079 | C59: =26000+26000+26000+950000 -> 1028000 | D59: =26000+21000+188000+1148000+26000 -> 1409000 | F59: =SUM('TAMBOLAKA 2026'!$C59:$E59) -> 2437000
A60: 46080 | B60: 46080 | D60: =3790500 -> 3790500 | F60: =SUM('TAMBOLAKA 2026'!$C60:$E60) -> 3790500
A61: 46081 | B61: 46081 | F61: =SUM('TAMBOLAKA 2026'!$C61:$E61) -> 0
A62: 46082 | B62: 46082 | F62: =SUM('TAMBOLAKA 2026'!$C62:$E62) -> 0
A63: 46083 | B63: 46083 | F63: =SUM('TAMBOLAKA 2026'!$C63:$E63) -> 0
A64: 46084 | B64: 46084 | F64: =SUM('TAMBOLAKA 2026'!$C64:$E64) -> 0
A65: 46085 | B65: 46085 | F65: =SUM('TAMBOLAKA 2026'!$C65:$E65) -> 0
A66: 46086 | B66: 46086 | F66: =SUM('TAMBOLAKA 2026'!$C66:$E66) -> 0
A67: 46087 | B67: 46087 | F67: =SUM('TAMBOLAKA 2026'!$C67:$E67) -> 0
A68: 46088 | B68: 46088 | F68: =SUM('TAMBOLAKA 2026'!$C68:$E68) -> 0
A69: 46089 | B69: 46089 | F69: =SUM('TAMBOLAKA 2026'!$C69:$E69) -> 0
A70: 46090 | B70: 46090 | F70: =SUM('TAMBOLAKA 2026'!$C70:$E70) -> 0
A71: 46091 | B71: 46091 | F71: =SUM('TAMBOLAKA 2026'!$C71:$E71) -> 0
A72: 46092 | B72: 46092 | F72: =SUM('TAMBOLAKA 2026'!$C72:$E72) -> 0
... A396: 46416 | B396: 46416 | F396: =SUM('TAMBOLAKA 2026'!$C396:$E396) -> 0

Sheet WAIBAKUL 2026
A1: TOTAL | C1: SETORAN BANK | F1: =SUBTOTAL(9,F3:F393) -> 65872759
A2: Hari | B2: Tanggal | C2: BRI | D2: BNI | E2: LAINNYA | F2: TOTAL SETORAN
A3: 46023 | B3: 46023 | F3: =SUM('WAIBAKUL 2026'!$C3:$E3) -> 0
A4: 46024 | B4: 46024 | F4: =SUM('WAIBAKUL 2026'!$C4:$E4) -> 0
A5: 46025 | B5: 46025 | F5: =SUM('WAIBAKUL 2026'!$C5:$E5) -> 0
A6: 46026 | B6: 46026 | F6: =SUM('WAIBAKUL 2026'!$C6:$E6) -> 0
A7: 46027 | B7: 46027 | F7: =SUM('WAIBAKUL 2026'!$C7:$E7) -> 0
A8: 46028 | B8: 46028 | C8: =5670197 -> 5670197 | F8: =SUM('WAIBAKUL 2026'!$C8:$E8) -> 5670197
A9: 46029 | B9: 46029 | F9: =SUM('WAIBAKUL 2026'!$C9:$E9) -> 0
A10: 46030 | B10: 46030 | F10: =SUM('WAIBAKUL 2026'!$C10:$E10) -> 0
A11: 46031 | B11: 46031 | F11: =SUM('WAIBAKUL 2026'!$C11:$E11) -> 0
A12: 46032 | B12: 46032 | F12: =SUM('WAIBAKUL 2026'!$C12:$E12) -> 0
A13: 46033 | B13: 46033 | F13: =SUM('WAIBAKUL 2026'!$C13:$E13) -> 0
A14: 46034 | B14: 46034 | C14: =7738299 -> 7738299 | F14: =SUM('WAIBAKUL 2026'!$C14:$E14) -> 7738299
A15: 46035 | B15: 46035 | F15: =SUM('WAIBAKUL 2026'!$C15:$E15) -> 0
A16: 46036 | B16: 46036 | F16: =SUM('WAIBAKUL 2026'!$C16:$E16) -> 0
A17: 46037 | B17: 46037 | C17: =3583025 -> 3583025 | F17: =SUM('WAIBAKUL 2026'!$C17:$E17) -> 3583025
A18: 46038 | B18: 46038 | F18: =SUM('WAIBAKUL 2026'!$C18:$E18) -> 0
A19: 46039 | B19: 46039 | F19: =SUM('WAIBAKUL 2026'!$C19:$E19) -> 0
A20: 46040 | B20: 46040 | F20: =SUM('WAIBAKUL 2026'!$C20:$E20) -> 0
A21: 46041 | B21: 46041 | F21: =SUM('WAIBAKUL 2026'!$C21:$E21) -> 0
A22: 46042 | B22: 46042 | C22: =8543255 -> 8543255 | F22: =SUM('WAIBAKUL 2026'!$C22:$E22) -> 8543255
A23: 46043 | B23: 46043 | F23: =SUM('WAIBAKUL 2026'!$C23:$E23) -> 0
A24: 46044 | B24: 46044 | F24: =SUM('WAIBAKUL 2026'!$C24:$E24) -> 0
A25: 46045 | B25: 46045 | F25: =SUM('WAIBAKUL 2026'!$C25:$E25) -> 0
A26: 46046 | B26: 46046 | F26: =SUM('WAIBAKUL 2026'!$C26:$E26) -> 0
A27: 46047 | B27: 46047 | F27: =SUM('WAIBAKUL 2026'!$C27:$E27) -> 0
A28: 46048 | B28: 46048 | F28: =SUM('WAIBAKUL 2026'!$C28:$E28) -> 0
A29: 46049 | B29: 46049 | C29: =7677000 -> 7677000 | F29: =SUM('WAIBAKUL 2026'!$C29:$E29) -> 7677000
A30: 46050 | B30: 46050 | F30: =SUM('WAIBAKUL 2026'!$C30:$E30) -> 0
A31: 46051 | B31: 46051 | F31: =SUM('WAIBAKUL 2026'!$C31:$E31) -> 0
A32: 46052 | B32: 46052 | F32: =SUM('WAIBAKUL 2026'!$C32:$E32) -> 0
A33: 46053 | B33: 46053 | F33: =SUM('WAIBAKUL 2026'!$C33:$E33) -> 0
A34: 46054 | B34: 46054 | F34: =SUM('WAIBAKUL 2026'!$C34:$E34) -> 0
A35: 46055 | B35: 46055 | F35: =SUM('WAIBAKUL 2026'!$C35:$E35) -> 0
A36: 46056 | B36: 46056 | C36: =6974500 -> 6974500 | F36: =SUM('WAIBAKUL 2026'!$C36:$E36) -> 6974500
A37: 46057 | B37: 46057 | F37: =SUM('WAIBAKUL 2026'!$C37:$E37) -> 0
A38: 46058 | B38: 46058 | F38: =SUM('WAIBAKUL 2026'!$C38:$E38) -> 0
A39: 46059 | B39: 46059 | C39: =3406743 -> 3406743 | F39: =SUM('WAIBAKUL 2026'!$C39:$E39) -> 3406743
A40: 46060 | B40: 46060 | F40: =SUM('WAIBAKUL 2026'!$C40:$E40) -> 0
A41: 46061 | B41: 46061 | F41: =SUM('WAIBAKUL 2026'!$C41:$E41) -> 0
A42: 46062 | B42: 46062 | F42: =SUM('WAIBAKUL 2026'!$C42:$E42) -> 0
A43: 46063 | B43: 46063 | F43: =SUM('WAIBAKUL 2026'!$C43:$E43) -> 0
A44: 46064 | B44: 46064 | C44: =7996507 -> 7996507 | F44: =SUM('WAIBAKUL 2026'!$C44:$E44) -> 7996507
A45: 46065 | B45: 46065 | F45: =SUM('WAIBAKUL 2026'!$C45:$E45) -> 0
A46: 46066 | B46: 46066 | F46: =SUM('WAIBAKUL 2026'!$C46:$E46) -> 0
A47: 46067 | B47: 46067 | F47: =SUM('WAIBAKUL 2026'!$C47:$E47) -> 0
A48: 46068 | B48: 46068 | F48: =SUM('WAIBAKUL 2026'!$C48:$E48) -> 0
A49: 46069 | B49: 46069 | F49: =SUM('WAIBAKUL 2026'!$C49:$E49) -> 0
A50: 46070 | B50: 46070 | F50: =SUM('WAIBAKUL 2026'!$C50:$E50) -> 0
A51: 46071 | B51: 46071 | F51: =SUM('WAIBAKUL 2026'!$C51:$E51) -> 0
A52: 46072 | B52: 46072 | C52: =11806108 -> 11806108 | F52: =SUM('WAIBAKUL 2026'!$C52:$E52) -> 11806108
A53: 46073 | B53: 46073 | F53: =SUM('WAIBAKUL 2026'!$C53:$E53) -> 0
A54: 46074 | B54: 46074 | F54: =SUM('WAIBAKUL 2026'!$C54:$E54) -> 0
A55: 46075 | B55: 46075 | F55: =SUM('WAIBAKUL 2026'!$C55:$E55) -> 0
A56: 46076 | B56: 46076 | C56: =2477125 -> 2477125 | F56: =SUM('WAIBAKUL 2026'!$C56:$E56) -> 2477125
A57: 46077 | B57: 46077 | F57: =SUM('WAIBAKUL 2026'!$C57:$E57) -> 0
A58: 46078 | B58: 46078 | F58: =SUM('WAIBAKUL 2026'!$C58:$E58) -> 0
A59: 46079 | B59: 46079 | F59: =SUM('WAIBAKUL 2026'!$C59:$E59) -> 0
A60: 46080 | B60: 46080 | F60: =SUM('WAIBAKUL 2026'!$C60:$E60) -> 0
A61: 46081 | B61: 46081 | F61: =SUM('WAIBAKUL 2026'!$C61:$E61) -> 0
A62: 46082 | B62: 46082 | F62: =SUM('WAIBAKUL 2026'!$C62:$E62) -> 0
A63: 46083 | B63: 46083 | F63: =SUM('WAIBAKUL 2026'!$C63:$E63) -> 0
A64: 46084 | B64: 46084 | F64: =SUM('WAIBAKUL 2026'!$C64:$E64) -> 0
A65: 46085 | B65: 46085 | F65: =SUM('WAIBAKUL 2026'!$C65:$E65) -> 0
A66: 46086 | B66: 46086 | F66: =SUM('WAIBAKUL 2026'!$C66:$E66) -> 0
A67: 46087 | B67: 46087 | F67: =SUM('WAIBAKUL 2026'!$C67:$E67) -> 0
A68: 46088 | B68: 46088 | F68: =SUM('WAIBAKUL 2026'!$C68:$E68) -> 0
... A393: 46413 | B393: 46413 | F393: =SUM('WAIBAKUL 2026'!$C393:$E393) -> 0

Sheet WAIKABUBAK 2026
A1: TOTAL | C1: SETORAN BANK | F1: =SUBTOTAL(9,F3:F392) -> 123112096
A2: Hari | B2: Tanggal | C2: BRI | D2: BNI | E2: LAINNYA | F2: TOTAL SETORAN
A3: 46023 | B3: 46023 | F3: =SUM('WAIKABUBAK 2026'!$C3:$E3) -> 0
A4: 46024 | B4: 46024 | F4: =SUM('WAIKABUBAK 2026'!$C4:$E4) -> 0
A5: 46025 | B5: 46025 | C5: =66708 -> 66708 | D5: =1060000 -> 1060000 | F5: =SUM('WAIKABUBAK 2026'!$C5:$E5) -> 1126708
A6: 46026 | B6: 46026 | F6: =SUM('WAIKABUBAK 2026'!$C6:$E6) -> 0
A7: 46027 | B7: 46027 | C7: =231000+2802000 -> 3033000 | D7: =51000+471170 -> 522170 | F7: =SUM('WAIKABUBAK 2026'!$C7:$E7) -> 3555170
A8: 46028 | B8: 46028 | C8: =1832000 -> 1832000 | D8: =53350 -> 53350 | F8: =SUM('WAIKABUBAK 2026'!$C8:$E8) -> 1885350
A9: 46029 | B9: 46029 | C9: =1401023 -> 1401023 | F9: =SUM('WAIKABUBAK 2026'!$C9:$E9) -> 1401023
A10: 46030 | B10: 46030 | C10: =1250000 -> 1250000 | D10: =25200 -> 25200 | F10: =SUM('WAIKABUBAK 2026'!$C10:$E10) -> 1275200
A11: 46031 | B11: 46031 | C11: =2160000 -> 2160000 | D11: =179400+533000 -> 712400 | F11: =SUM('WAIKABUBAK 2026'!$C11:$E11) -> 2872400
A12: 46032 | B12: 46032 | F12: =SUM('WAIKABUBAK 2026'!$C12:$E12) -> 0
A13: 46033 | B13: 46033 | F13: =SUM('WAIKABUBAK 2026'!$C13:$E13) -> 0
A14: 46034 | B14: 46034 | C14: =6352000 -> 6352000 | D14: =481450 -> 481450 | F14: =SUM('WAIKABUBAK 2026'!$C14:$E14) -> 6833450
A15: 46035 | B15: 46035 | C15: =2647000+50000 -> 2697000 | D15: =524900 -> 524900 | F15: =SUM('WAIKABUBAK 2026'!$C15:$E15) -> 3221900
A16: 46036 | B16: 46036 | D16: =68000+145000+26000 -> 239000 | F16: =SUM('WAIKABUBAK 2026'!$C16:$E16) -> 239000
A17: 46037 | B17: 46037 | C17: =647000 -> 647000 | F17: =SUM('WAIKABUBAK 2026'!$C17:$E17) -> 647000
A18: 46038 | B18: 46038 | C18: =2513000 -> 2513000 | D18: =760580 -> 760580 | F18: =SUM('WAIKABUBAK 2026'!$C18:$E18) -> 3273580
A19: 46039 | B19: 46039 | D19: =494000+181000 -> 675000 | F19: =SUM('WAIKABUBAK 2026'!$C19:$E19) -> 675000
A20: 46040 | B20: 46040 | F20: =SUM('WAIKABUBAK 2026'!$C20:$E20) -> 0
A21: 46041 | B21: 46041 | C21: =3710820+13640 -> 3724460 | F21: =SUM('WAIKABUBAK 2026'!$C21:$E21) -> 3724460
A22: 46042 | B22: 46042 | D22: =1276000 -> 1276000 | F22: =SUM('WAIKABUBAK 2026'!$C22:$E22) -> 1276000
A23: 46043 | B23: 46043 | C23: =2219000+2376000 -> 4595000 | D23: =105700 -> 105700 | F23: =SUM('WAIKABUBAK 2026'!$C23:$E23) -> 4700700
A24: 46044 | B24: 46044 | C24: 1695300 | D24: =628000 -> 628000 | F24: =SUM('WAIKABUBAK 2026'!$C24:$E24) -> 2323300
A25: 46045 | B25: 46045 | C25: =3833250 -> 3833250 | D25: =953000 -> 953000 | F25: =SUM('WAIKABUBAK 2026'!$C25:$E25) -> 4786250
A26: 46046 | B26: 46046 | F26: =SUM('WAIKABUBAK 2026'!$C26:$E26) -> 0
A27: 46047 | B27: 46047 | D27: =108000 -> 108000 | F27: =SUM('WAIKABUBAK 2026'!$C27:$E27) -> 108000
A28: 46048 | B28: 46048 | C28: =7764860 -> 7764860 | F28: =SUM('WAIKABUBAK 2026'!$C28:$E28) -> 7764860
A29: 46049 | B29: 46049 | C29: =2601000 -> 2601000 | D29: =737000+224000 -> 961000 | F29: =SUM('WAIKABUBAK 2026'!$C29:$E29) -> 3562000
A30: 46050 | B30: 46050 | C30: =762000 -> 762000 | D30: =51150 -> 51150 | F30: =SUM('WAIKABUBAK 2026'!$C30:$E30) -> 813150
A31: 46051 | B31: 46051 | C31: =309438 -> 309438 | D31: =26000+427000 -> 453000 | F31: =SUM('WAIKABUBAK 2026'!$C31:$E31) -> 762438
A32: 46052 | B32: 46052 | C32: =2673140 -> 2673140 | F32: =SUM('WAIKABUBAK 2026'!$C32:$E32) -> 2673140
A33: 46053 | B33: 46053 | D33: =1015000+50000 -> 1065000 | F33: =SUM('WAIKABUBAK 2026'!$C33:$E33) -> 1065000
A34: 46054 | B34: 46054 | F34: =SUM('WAIKABUBAK 2026'!$C34:$E34) -> 0
A35: 46055 | B35: 46055 | C35: =1864000 -> 1864000 | F35: =SUM('WAIKABUBAK 2026'!$C35:$E35) -> 1864000
A36: 46056 | B36: 46056 | C36: =673660 -> 673660 | D36: =368200+1739000 -> 2107200 | F36: =SUM('WAIKABUBAK 2026'!$C36:$E36) -> 2780860
A37: 46057 | B37: 46057 | C37: =3535440 -> 3535440 | D37: =62000 -> 62000 | F37: =SUM('WAIKABUBAK 2026'!$C37:$E37) -> 3597440
A38: 46058 | B38: 46058 | C38: =1132000 -> 1132000 | D38: =126000 -> 126000 | F38: =SUM('WAIKABUBAK 2026'!$C38:$E38) -> 1258000
A39: 46059 | B39: 46059 | C39: =1506608 -> 1506608 | D39: =1012300+77000 -> 1089300 | F39: =SUM('WAIKABUBAK 2026'!$C39:$E39) -> 2595908
A40: 46060 | B40: 46060 | D40: =834000 -> 834000 | F40: =SUM('WAIKABUBAK 2026'!$C40:$E40) -> 834000
A41: 46061 | B41: 46061 | F41: =SUM('WAIKABUBAK 2026'!$C41:$E41) -> 0
A42: 46062 | B42: 46062 | C42: =4425835 -> 4425835 | D42: =52000+877500 -> 929500 | F42: =SUM('WAIKABUBAK 2026'!$C42:$E42) -> 5355335
A43: 46063 | B43: 46063 | D43: =78000 -> 78000 | F43: =SUM('WAIKABUBAK 2026'!$C43:$E43) -> 78000
A44: 46064 | B44: 46064 | C44: =3125300+1350000+487000 -> 4962300 | D44: =34000 -> 34000 | F44: =SUM('WAIKABUBAK 2026'!$C44:$E44) -> 4996300
A45: 46065 | B45: 46065 | F45: =SUM('WAIKABUBAK 2026'!$C45:$E45) -> 0
A46: 46066 | B46: 46066 | C46: =1835000 -> 1835000 | D46: =77000+343500 -> 420500 | F46: =SUM('WAIKABUBAK 2026'!$C46:$E46) -> 2255500
A47: 46067 | B47: 46067 | D47: =808000 -> 808000 | F47: =SUM('WAIKABUBAK 2026'!$C47:$E47) -> 808000
A48: 46068 | B48: 46068 | F48: =SUM('WAIKABUBAK 2026'!$C48:$E48) -> 0
A49: 46069 | B49: 46069 | D49: =1158000 -> 1158000 | F49: =SUM('WAIKABUBAK 2026'!$C49:$E49) -> 1158000
A50: 46070 | B50: 46070 | F50: =SUM('WAIKABUBAK 2026'!$C50:$E50) -> 0
A51: 46071 | B51: 46071 | C51: =3023520+1862559+7735820 -> 12621899 | D51: =894000+76460 -> 970460 | F51: =SUM('WAIKABUBAK 2026'!$C51:$E51) -> 13592359
A52: 46072 | B52: 46072 | C52: =129000+1527500 -> 1656500 | D52: =100000 -> 100000 | F52: =SUM('WAIKABUBAK 2026'!$C52:$E52) -> 1756500
A53: 46073 | B53: 46073 | F53: =SUM('WAIKABUBAK 2026'!$C53:$E53) -> 0
A54: 46074 | B54: 46074 | F54: =SUM('WAIKABUBAK 2026'!$C54:$E54) -> 0
A55: 46075 | B55: 46075 | F55: =SUM('WAIKABUBAK 2026'!$C55:$E55) -> 0
A56: 46076 | B56: 46076 | C56: =4981533+2176000+2434500 -> 9592033 | D56: =182000+132000 -> 314000 | F56: =SUM('WAIKABUBAK 2026'!$C56:$E56) -> 9906033
A57: 46077 | B57: 46077 | C57: =1536185+51000 -> 1587185 | D57: =623000+25990 -> 648990 | F57: =SUM('WAIKABUBAK 2026'!$C57:$E57) -> 2236175
A58: 46078 | B58: 46078 | C58: =2510000 -> 2510000 | F58: =SUM('WAIKABUBAK 2026'!$C58:$E58) -> 2510000
A59: 46079 | B59: 46079 | C59: =583107+1420000 -> 2003107 | D59: =26000 -> 26000 | F59: =SUM('WAIKABUBAK 2026'!$C59:$E59) -> 2029107
A60: 46080 | B60: 46080 | C60: =1148500 -> 1148500 | D60: =1787000 -> 1787000 | F60: =SUM('WAIKABUBAK 2026'!$C60:$E60) -> 2935500
A61: 46081 | B61: 46081 | F61: =SUM('WAIKABUBAK 2026'!$C61:$E61) -> 0
A62: 46082 | B62: 46082 | F62: =SUM('WAIKABUBAK 2026'!$C62:$E62) -> 0
A63: 46083 | B63: 46083 | F63: =SUM('WAIKABUBAK 2026'!$C63:$E63) -> 0
A64: 46084 | B64: 46084 | F64: =SUM('WAIKABUBAK 2026'!$C64:$E64) -> 0
A65: 46085 | B65: 46085 | F65: =SUM('WAIKABUBAK 2026'!$C65:$E65) -> 0
A66: 46086 | B66: 46086 | F66: =SUM('WAIKABUBAK 2026'!$C66:$E66) -> 0
A67: 46087 | B67: 46087 | F67: =SUM('WAIKABUBAK 2026'!$C67:$E67) -> 0
A68: 46088 | B68: 46088 | F68: =SUM('WAIKABUBAK 2026'!$C68:$E68) -> 0
A69: 46089 | B69: 46089 | F69: =SUM('WAIKABUBAK 2026'!$C69:$E69) -> 0
A70: 46090 | B70: 46090 | F70: =SUM('WAIKABUBAK 2026'!$C70:$E70) -> 0
A71: 46091 | B71: 46091 | F71: =SUM('WAIKABUBAK 2026'!$C71:$E71) -> 0
A72: 46092 | B72: 46092 | F72: =SUM('WAIKABUBAK 2026'!$C72:$E72) -> 0
... A392: 46412 | B392: 46412 | F392: =SUM('WAIKABUBAK 2026'!$C392:$E392) -> 0

Sheet WAINGAPU 2026
A1: TOTAL | C1: SETORAN BANK | F1: =SUBTOTAL(9,F3:F398) -> 304505877
A2: Hari | B2: Tanggal | C2: BRI | D2: BNI | E2: LAINNYA | F2: TOTAL SETORAN
A3: 46023 | B3: 46023 | C3: =26000+52000+26000+34000+26000+51000+26000+176000+26000 -> 443000 | D3: =103000 -> 103000 | F3: =SUM('WAINGAPU 2026'!$C3:$E3) -> 546000
A4: 46024 | B4: 46024 | C4: =1641000+26000+236000 -> 1903000 | D4: =4680000+520000+242000+30000 -> 5472000 | F4: =SUM('WAINGAPU 2026'!$C4:$E4) -> 7375000
A5: 46025 | B5: 46025 | C5: =500000+31009+26000+34000+257000 -> 848009 | D5: =700000 -> 700000 | F5: =SUM('WAINGAPU 2026'!$C5:$E5) -> 1548009
A6: 46026 | B6: 46026 | D6: =51000 -> 51000 | F6: =SUM('WAINGAPU 2026'!$C6:$E6) -> 51000
A7: 46027 | B7: 46027 | C7: =195000+51000+392000+355000+257000 -> 1250000 | D7: =9072000+200000+4150000+156400+300000 -> 13878400 | F7: =SUM('WAINGAPU 2026'!$C7:$E7) -> 15128400
A8: 46028 | B8: 46028 | C8: =406500 -> 406500 | D8: =1000000+187000+100000 -> 1287000 | E8: =50000+50000 -> 100000 | F8: =SUM('WAINGAPU 2026'!$C8:$E8) -> 1793500
A9: 46029 | B9: 46029 | C9: =155950 -> 155950 | D9: =9906000+1000000+200000+259500+798000 -> 12163500 | F9: =SUM('WAINGAPU 2026'!$C9:$E9) -> 12319450
A10: 46030 | B10: 46030 | C10: =26000+51000+26000+288700+499999+51000+76000+102000+77000+101000 -> 1298699 | D10: =26000 -> 26000 | E10: =800000+100000+400000 -> 1300000 | F10: =SUM('WAINGAPU 2026'!$C10:$E10) -> 2624699
A11: 46031 | B11: 46031 | C11: =130000+51000 -> 181000 | D11: =9171000+51000+100000 -> 9322000 | E11: =60000 -> 60000 | F11: =SUM('WAINGAPU 2026'!$C11:$E11) -> 9563000
A12: 46032 | B12: 46032 | C12: =77000+393670+77000+243000+1890000+507015 -> 3187685 | D12: =140000+200000+500000 -> 840000 | F12: =SUM('WAINGAPU 2026'!$C12:$E12) -> 4027685
A13: 46033 | B13: 46033 | C13: =26000+26000+26000+221000+26000 -> 325000 | F13: =SUM('WAINGAPU 2026'!$C13:$E13) -> 325000
A14: 46034 | B14: 46034 | C14: =26000+26000+31000+51000+77000+77000+26000+138000+51000+26000+101000+102000 -> 732000 | D14: =11173000+100000 -> 11273000 | E14: =289000 -> 289000 | F14: =SUM('WAINGAPU 2026'!$C14:$E14) -> 12294000
A15: 46035 | B15: 46035 | C15: =97000+71000+101000+145000+350600 -> 764600 | D15: =500000 -> 500000 | F15: =SUM('WAINGAPU 2026'!$C15:$E15) -> 1264600
A16: 46036 | B16: 46036 | C16: =285000+26000+26000+26000 -> 363000 | D16: =9090000 -> 9090000 | F16: =SUM('WAINGAPU 2026'!$C16:$E16) -> 9453000
A17: 46037 | B17: 46037 | C17: =26000+96000+1000000+51000 -> 1173000 | D17: =3405000 -> 3405000 | F17: =SUM('WAINGAPU 2026'!$C17:$E17) -> 4578000
A18: 46038 | B18: 46038 | C18: =336000+26000+250000 -> 612000 | F18: =SUM('WAINGAPU 2026'!$C18:$E18) -> 612000
A19: 46039 | B19: 46039 | C19: =26000+26000+26000+51000+101000+26000+51000+97000+76000+26000+51000+26000+34000+31000+43000+51000 -> 742000 | D19: =76000+51000+100000+350000 -> 577000 | F19: =SUM('WAINGAPU 2026'!$C19:$E19) -> 1319000
A20: 46040 | B20: 46040 | C20: =291000 -> 291000 | F20: =SUM('WAINGAPU 2026'!$C20:$E20) -> 291000
A21: 46041 | B21: 46041 | C21: =51000+101000+201000+269000+51000+26000+270000+26000+26000+26000+26000+198000+100000+26000 -> 1397000 | D21: =10019000+500000+26000+125000+35000 -> 10705000 | F21: =SUM('WAINGAPU 2026'!$C21:$E21) -> 12102000
A22: 46042 | B22: 46042 | C22: =177000+26000+26000+49000+246000 -> 524000 | F22: =SUM('WAINGAPU 2026'!$C22:$E22) -> 524000
A23: 46043 | B23: 46043 | C23: =350000 -> 350000 | D23: =10184000+1000000 -> 11184000 | F23: =SUM('WAINGAPU 2026'!$C23:$E23) -> 11534000
A24: 46044 | B24: 46044 | C24: =26000+26000+26000+26000+26000+102000+26000+51000+349000+253000+26000+257000 -> 1194000 | D24: =135000+52000+26000 -> 213000 | F24: =SUM('WAINGAPU 2026'!$C24:$E24) -> 1407000
A25: 46045 | B25: 46045 | C25: =26000+26000+100000+229000+26000+26000+51000+300000+26000+50000+26000 -> 886000 | D25: =5330000+51000 -> 5381000 | F25: =SUM('WAINGAPU 2026'!$C25:$E25) -> 6267000
A26: 46046 | B26: 46046 | C26: =67000+26000+26000+51000+128000 -> 298000 | D26: =26000+26000 -> 52000 | F26: =SUM('WAINGAPU 2026'!$C26:$E26) -> 350000
A27: 46047 | B27: 46047 | C27: =26000+379000+26000 -> 431000 | D27: =300000 -> 300000 | F27: =SUM('WAINGAPU 2026'!$C27:$E27) -> 731000
A28: 46048 | B28: 46048 | C28: =26000+26000+26000+178000+51000+300000+999000+26000+26000+68000 -> 1726000 | D28: =10504000+1000000+100000 -> 11604000 | F28: =SUM('WAINGAPU 2026'!$C28:$E28) -> 13330000
A29: 46049 | B29: 46049 | C29: =89000 -> 89000 | D29: =45000 -> 45000 | E29: =48000 -> 48000 | F29: =SUM('WAINGAPU 2026'!$C29:$E29) -> 182000
A30: 46050 | B30: 46050 | C30: =253800+100000+631000 -> 984800 | D30: =13730000+200000 -> 13930000 | F30: =SUM('WAINGAPU 2026'!$C30:$E30) -> 14914800
A31: 46051 | B31: 46051 | C31: =26000+26000+201000+187000+26000+51000+26000+67000+750000+26000+26000+51000 -> 1463000 | F31: =SUM('WAINGAPU 2026'!$C31:$E31) -> 1463000
A32: 46052 | B32: 46052 | C32: =280000+26000+353350 -> 659350 | D32: =8985000+26000+24000 -> 9035000 | F32: =SUM('WAINGAPU 2026'!$C32:$E32) -> 9694350
A33: 46053 | B33: 46053 | C33: =52000+83000+51000+26000+76000+26000+26000+34000 -> 374000 | D33: =1000000+150000 -> 1150000 | F33: =SUM('WAINGAPU 2026'!$C33:$E33) -> 1524000
A34: 46054 | B34: 46054 | F34: =SUM('WAINGAPU 2026'!$C34:$E34) -> 0
A35: 46055 | B35: 46055 | C35: =26000+34000+26000+67000+26000+51000+100000 -> 330000 | D35: =5975000+850000+80000 -> 6905000 | F35: =SUM('WAINGAPU 2026'!$C35:$E35) -> 7235000
A36: 46056 | B36: 46056 | C36: =354250+44000+97000 -> 495250 | E36: =585000 -> 585000 | F36: =SUM('WAINGAPU 2026'!$C36:$E36) -> 1080250
A37: 46057 | B37: 46057 | C37: =26000+26000+350000+34000+26000 -> 462000 | D37: =8835000+50000 -> 8885000 | F37: =SUM('WAINGAPU 2026'!$C37:$E37) -> 9347000
A38: 46058 | B38: 46058 | C38: =999000 -> 999000 | D38: =150000+400000 -> 550000 | E38: =379000 -> 379000 | F38: =SUM('WAINGAPU 2026'!$C38:$E38) -> 1928000
A39: 46059 | B39: 46059 | C39: =51000+250200+460000+243000+215000+21000 -> 1240200 | D39: =6891000+100000+500000+500000+100000+600000+300000+500000 -> 9491000 | F39: =SUM('WAINGAPU 2026'!$C39:$E39) -> 10731200
A40: 46060 | B40: 46060 | C40: =141000+263000+295000 -> 699000 | D40: =141000+1000000+200000+400000 -> 1741000 | E40: =100000 -> 100000 | F40: =SUM('WAINGAPU 2026'!$C40:$E40) -> 2540000
A41: 46061 | B41: 46061 | C41: =26000+26000+101000+26000+51000+34000+30000+26000 -> 320000 | F41: =SUM('WAINGAPU 2026'!$C41:$E41) -> 320000
A42: 46062 | B42: 46062 | C42: =26000+26000+176000+26000+26000+26000+220000+68000+55000+26000+26000+102000 -> 803000 | D42: =5740000+26000+400000+1050000+50000+95000 -> 7361000 | F42: =SUM('WAINGAPU 2026'!$C42:$E42) -> 8164000
A43: 46063 | B43: 46063 | C43: =26000+51000+408900+87000 -> 572900 | D43: =50000+150000+100000 -> 300000 | E43: =411500+450000+26000 -> 887500 | F43: =SUM('WAINGAPU 2026'!$C43:$E43) -> 1760400
A44: 46064 | B44: 46064 | C44: =26000+77000+1290000+26000+26000+26000+76000+44000+26000 -> 1617000 | D44: =10097000+400000 -> 10497000 | F44: =SUM('WAINGAPU 2026'!$C44:$E44) -> 12114000
A45: 46065 | B45: 46065 | C45: =26000+26000+67000+26000+240000 -> 385000 | D45: =150000 -> 150000 | F45: =SUM('WAINGAPU 2026'!$C45:$E45) -> 535000
A46: 46066 | B46: 46066 | C46: =279900 -> 279900 | D46: =150000+10388000+63000+80000+250000+5551130 -> 16482130 | F46: =SUM('WAINGAPU 2026'!$C46:$E46) -> 16762030
A47: 46067 | B47: 46067 | C47: =26000+26000+26000+76000+51000+26000+26000+66000+26000+26000 -> 375000 | D47: =500000+140000+200000+50000+100000 -> 990000 | E47: =51000+51000 -> 102000 | F47: =SUM('WAINGAPU 2026'!$C47:$E47) -> 1467000
A48: 46068 | B48: 46068 | C48: =151000+26000 -> 177000 | D48: =73000+64000 -> 137000 | F48: =SUM('WAINGAPU 2026'!$C48:$E48) -> 314000
A49: 46069 | B49: 46069 | C49: =52000+26000+44000+52000+334750+78000+1000000+633000+276000+182950 -> 2678700 | D49: =50000+180000+50000+26000 -> 306000 | F49: =SUM('WAINGAPU 2026'!$C49:$E49) -> 2984700
A50: 46070 | B50: 46070 | D50: =100000+550000 -> 650000 | F50: =SUM('WAINGAPU 2026'!$C50:$E50) -> 650000
A51: 46071 | B51: 46071 | C51: =34000+119900+26000+101000+26000+1543000+51000 -> 1900900 | D51: =26108000 -> 26108000 | F51: =SUM('WAINGAPU 2026'!$C51:$E51) -> 28008900
A52: 46072 | B52: 46072 | C52: =1432000 -> 1432000 | D52: =100000+50000 -> 150000 | F52: =SUM('WAINGAPU 2026'!$C52:$E52) -> 1582000
A53: 46073 | B53: 46073 | C53: =10000+26000+77000+26000+26000+26000 -> 191000 | D53: =4287000+500000+500000 -> 5287000 | F53: =SUM('WAINGAPU 2026'!$C53:$E53) -> 5478000
A54: 46074 | B54: 46074 | C54: =26000+100000 -> 126000 | D54: =50000+500000 -> 550000 | F54: =SUM('WAINGAPU 2026'!$C54:$E54) -> 676000
A55: 46075 | B55: 46075 | C55: =864000+168404+26000+34000+26000 -> 1118404 | D55: =26000+100000 -> 126000 | F55: =SUM('WAINGAPU 2026'!$C55:$E55) -> 1244404
A56: 46076 | B56: 46076 | C56: =999000+26000+26000+26000+26000 -> 1103000 | D56: =10749000+10000+400000 -> 11159000 | F56: =SUM('WAINGAPU 2026'!$C56:$E56) -> 12262000
A57: 46077 | B57: 46077 | C57: =26000+26000+26000+279500+26000 -> 383500 | D57: =120000+270000 -> 390000 | F57: =SUM('WAINGAPU 2026'!$C57:$E57) -> 773500
A58: 46078 | B58: 46078 | C58: =190000 -> 190000 | D58: =10807000+200000+247000+80000+100000 -> 11434000 | F58: =SUM('WAINGAPU 2026'!$C58:$E58) -> 11624000
A59: 46079 | B59: 46079 | C59: =54000+191000+194000+21000+26000+51000+51000+80000 -> 668000 | D59: =50000 -> 50000 | F59: =SUM('WAINGAPU 2026'!$C59:$E59) -> 718000
A60: 46080 | B60: 46080 | D60: =5070000 -> 5070000 | F60: =SUM('WAINGAPU 2026'!$C60:$E60) -> 5070000
A61: 46081 | B61: 46081 | F61: =SUM('WAINGAPU 2026'!$C61:$E61) -> 0
A62: 46082 | B62: 46082 | F62: =SUM('WAINGAPU 2026'!$C62:$E62) -> 0
A63: 46083 | B63: 46083 | F63: =SUM('WAINGAPU 2026'!$C63:$E63) -> 0
A64: 46084 | B64: 46084 | F64: =SUM('WAINGAPU 2026'!$C64:$E64) -> 0
A65: 46085 | B65: 46085 | F65: =SUM('WAINGAPU 2026'!$C65:$E65) -> 0
A66: 46086 | B66: 46086 | F66: =SUM('WAINGAPU 2026'!$C66:$E66) -> 0
A67: 46087 | B67: 46087 | F67: =SUM('WAINGAPU 2026'!$C67:$E67) -> 0
A68: 46088 | B68: 46088 | F68: =SUM('WAINGAPU 2026'!$C68:$E68) -> 0
A69: 46089 | B69: 46089 | F69: =SUM('WAINGAPU 2026'!$C69:$E69) -> 0
A70: 46090 | B70: 46090 | F70: =SUM('WAINGAPU 2026'!$C70:$E70) -> 0
A71: 46091 | B71: 46091 | F71: =SUM('WAINGAPU 2026'!$C71:$E71) -> 0
A72: 46092 | B72: 46092 | F72: =SUM('WAINGAPU 2026'!$C72:$E72) -> 0
... A398: 46418 | B398: 46418 | F398: =SUM('WAINGAPU 2026'!$C398:$E398) -> 0

Sheet BORONG 2024
A2: TOTAL | C2: =SUBTOTAL(9,#REF!) -> #REF! | D2: SETORAN BANK | G2: =SUBTOTAL(9,#REF!) -> #REF!
A3: Hari | B3: Tanggal | C3: Tagihan Runsheet | D3: BRI | E3: BNI | F3: LAINNYA | G3: TOTAL SETORAN
A4: Monday | B4: 45292
A5: Tuesday | B5: 45293
A6: Wednesday | B6: 45294 | E6: =2623065+3552855 -> 6175920
A7: Thursday | B7: 45295 | D7: =5075000 -> 5075000
A8: Friday | B8: 45296 | D8: =2000000 -> 2000000 | E8: =4080710+2543796 -> 6624506
A9: Saturday | B9: 45297 | D9: =1665000 -> 1665000
A10: Sunday | B10: 45298
A11: Monday | B11: 45299 | E11: =3870919+1058433 -> 4929352
A12: Tuesday | B12: 45300 | E12: =2619462 -> 2619462
A13: Wednesday | B13: 45301 | E13: =2404454 -> 2404454
A14: Thursday | B14: 45302 | E14: =5815914+3934384+2583859+1893130 -> 14227287
A15: Friday | B15: 45303 | E15: 5975243
A16: Saturday | B16: 45304
A17: Sunday | B17: 45305
A18: Monday | B18: 45306 | D18: =1282000 -> 1282000 | E18: =2611855+3230346 -> 5842201
A19: Tuesday | B19: 45307 | E19: 3649613
A20: Wednesday | B20: 45308 | E20: 3650534
A21: Thursday | B21: 45309
A22: Friday | B22: 45310 | E22: 1630578
A23: Saturday | B23: 45311
A24: Sunday | B24: 45312
A25: Monday | B25: 45313 | E25: =1729800+3104679+1735920 -> 6570399
A26: Tuesday | B26: 45314 | E26: 7542041
A27: Wednesday | B27: 45315
A28: Thursday | B28: 45316 | D28: =2110000 -> 2110000 | E28: =1419330+3845324 -> 5264654
A29: Friday | B29: 45317 | E29: 2897387
A30: Saturday | B30: 45318
A31: Sunday | B31: 45319 | D31: =1881000 -> 1881000
A32: Monday | B32: 45320 | E32: =4132634 -> 4132634
A33: Tuesday | B33: 45321 | E33: 3096559
A34: Wednesday | B34: 45322 | D34: =2180000 -> 2180000 | E34: =3618000 -> 3618000
A35: Thursday | B35: 45323 | E35: 2664000
A36: Friday | B36: 45324 | E36: 903705
A37: Saturday | B37: 45325
A38: Sunday | B38: 45326
A39: Monday | B39: 45327 | E39: =1922487+3207810+3124200 -> 8254497
A40: Tuesday | B40: 45328 | E40: 6664731
A41: Wednesday | B41: 45329 | E41: 1612172
A42: Thursday | B42: 45330
A43: Friday | B43: 45331
A44: Saturday | B44: 45332
A45: Sunday | B45: 45333
A46: Monday | B46: 45334 | E46: 6676764
A47: Tuesday | B47: 45335 | E47: =4200046 -> 4200046
A48: Wednesday | B48: 45336
A49: Thursday | B49: 45337 | E49: 1511374
A50: Friday | B50: 45338 | E50: 5206059
A51: Saturday | B51: 45339
A52: Sunday | B52: 45340
A53: Monday | B53: 45341 | D53: =1550000+1050000 -> 2600000 | E53: =4238230+1465327+3131252 -> 8834809
A54: Tuesday | B54: 45342
A55: Wednesday | B55: 45343 | E55: 5475745
A56: Thursday | B56: 45344 | E56: 1232360
A57: Friday | B57: 45345 | D57: =2812000 -> 2812000 | E57: =5871604 -> 5871604
A58: Saturday | B58: 45346
A59: Sunday | B59: 45347
A60: Monday | B60: 45348 | E60: 5987776
A61: Tuesday | B61: 45349 | D61: =4648000 -> 4648000 | E61: =4259984 -> 4259984
A62: Wednesday | B62: 45350 | E62: 4147521
A63: Thursday | B63: 45351 | E63: 1750021
A64: Friday | B64: 45352 | E64: 3578953
A65: Saturday | B65: 45353
A66: Sunday | B66: 45354
A67: Monday | B67: 45355 | E67: 3443305
A68: Tuesday | B68: 45356
A69: Wednesday | B69: 45357
A70: Thursday | B70: 45358
A71: Friday | B71: 45359 | E71: =4779229+1061839+3040436 -> 8881504
A72: Saturday | B72: 45360
A73: Sunday | B73: 45361
A74: Monday | B74: 45362
A75: Tuesday | B75: 45363
A76: Wednesday | B76: 45364
A77: Thursday | B77: 45365 | E77: =2629120+3797428+2952967+1047637 -> 10427152
A78: Friday | B78: 45366
A79: Saturday | B79: 45367 | D79: =2557000 -> 2557000
A80: Sunday | B80: 45368
A81: Monday | B81: 45369 | E81: =1270780+3541618+1054497 -> 5866895
A82: Tuesday | B82: 45370
A83: Wednesday | B83: 45371
A84: Thursday | B84: 45372 | E84: =4390667+2144905+1486368 -> 8021940
A85: Friday | B85: 45373 | E85: =2604532+3246397 -> 5850929
A86: Saturday | B86: 45374
A87: Sunday | B87: 45375
A88: Monday | B88: 45376 | D88: =1219500+600000 -> 1819500 | E88: =3297307 -> 3297307
A89: Tuesday | B89: 45377 | D89: =2000000 -> 2000000
A90: Wednesday | B90: 45378
A91: Thursday | B91: 45379 | D91: =1194000 -> 1194000 | E91: =1153240+1360232+3124683 -> 5638155
A92: Friday | B92: 45380
A93: Saturday | B93: 45381
A94: Sunday | B94: 45382
A95: Monday | B95: 45383
A96: Tuesday | B96: 45384
A97: Wednesday | B97: 45385 | E97: 8311066
A98: Thursday | B98: 45386
A99: Friday | B99: 45387
A100: Saturday | B100: 45388 | E100: =853000+3045154 -> 3898154
A101: Sunday | B101: 45389 | E101: =1358138 -> 1358138
...

Sheet ENDE 2024
A2: TOTAL | C2: =SUBTOTAL(9,#REF!) -> #REF! | D2: SETORAN BANK | G2: =SUBTOTAL(9,#REF!) -> #REF!
A3: Hari | B3: Tanggal | C3: Tagihan Runsheet | D3: BRI | E3: BNI | F3: LAINNYA | G3: TOTAL SETORAN
A4: Monday | B4: 45292
A5: Tuesday | B5: 45293 | D5: =321000 -> 321000
A6: Wednesday | B6: 45294 | D6: =12996275+1000000 -> 13996275
A7: Thursday | B7: 45295 | D7: =238000+1238000+5173000+418000 -> 7067000
A8: Friday | B8: 45296 | D8: =1210000+3527000 -> 4737000
A9: Saturday | B9: 45297
A10: Sunday | B10: 45298 | D10: 205000
A11: Monday | B11: 45299 | D11: =888000 -> 888000 | E11: =10915786+550000 -> 11465786
A12: Tuesday | B12: 45300 | D12: =935647+320000 -> 1255647 | E12: =10305621 -> 10305621
A13: Wednesday | B13: 45301 | D13: =935657 -> 935657 | E13: =8859118 -> 8859118
A14: Thursday | B14: 45302 | D14: =2275000+2840127 -> 5115127
A15: Friday | B15: 45303 | D15: =5846285+989000 -> 6835285
A16: Saturday | B16: 45304
A17: Sunday | B17: 45305
A18: Monday | B18: 45306 | D18: =2290000+272950+695000 -> 3257950 | E18: =7100000 -> 7100000
A19: Tuesday | B19: 45307 | D19: =472000+660000 -> 1132000 | E19: =1772158 -> 1772158
A20: Wednesday | B20: 45308 | D20: =6510227+765000 -> 7275227
A21: Thursday | B21: 45309 | D21: =300000+5559150 -> 5859150
A22: Friday | B22: 45310 | D22: =102000+769000+3805000 -> 4676000
A23: Saturday | B23: 45311
A24: Sunday | B24: 45312
A25: Monday | B25: 45313 | E25: 10387000
A26: Tuesday | B26: 45314 | D26: =524000 -> 524000
A27: Wednesday | B27: 45315 | D27: =11055503+301000 -> 11356503
A28: Thursday | B28: 45316 | D28: =4825690+773000+858000 -> 6456690
A29: Friday | B29: 45317 | E29: =4577504 -> 4577504
A30: Saturday | B30: 45318 | E30: =4577504+209000 -> 4786504
A31: Sunday | B31: 45319 | D31: =101000+280000 -> 381000
A32: Monday | B32: 45320 | E32: =10990843 -> 10990843
A33: Tuesday | B33: 45321 | D33: =4331300+437000 -> 4768300
A34: Wednesday | B34: 45322 | D34: =884418 -> 884418 | E34: =4901703+2800000 -> 7701703
A35: Thursday | B35: 45323 | E35: 3324950
A36: Friday | B36: 45324 | D36: =879238+364000 -> 1243238 | E36: 3687342
A37: Saturday | B37: 45325 | D37: =606000 -> 606000
A38: Sunday | B38: 45326
A39: Monday | B39: 45327 | D39: =8988722+273000 -> 9261722
A40: Tuesday | B40: 45328 | D40: =261000 -> 261000 | E40: =36000 -> 36000
A41: Wednesday | B41: 45329 | D41: =250000 -> 250000
A42: Thursday | B42: 45330 | D42: =294000 -> 294000
A43: Friday | B43: 45331 | D43: =12007693 -> 12007693
A44: Saturday | B44: 45332 | D44: =473000 -> 473000 | E44: =1112000 -> 1112000
A45: Sunday | B45: 45333 | D45: =164473 -> 164473
A46: Monday | B46: 45334 | E46: =14340000 -> 14340000
A47: Tuesday | B47: 45335 | D47: =4450700 -> 4450700 | E47: =575764 -> 575764
A48: Wednesday | B48: 45336
A49: Thursday | B49: 45337 | D49: =325000 -> 325000 | E49: =7860000 -> 7860000
A50: Friday | B50: 45338 | D50: =432000+739730 -> 1171730
A51: Saturday | B51: 45339
A52: Sunday | B52: 45340
A53: Monday | B53: 45341 | D53: =26000 -> 26000 | E53: =12580558 -> 12580558
A54: Tuesday | B54: 45342 | E54: =7087575 -> 7087575
A55: Wednesday | B55: 45343 | D55: 14739118
A56: Thursday | B56: 45344 | D56: =26000 -> 26000 | E56: 4354397
A57: Friday | B57: 45345 | D57: =697230+5848840 -> 6546070
A58: Saturday | B58: 45346 | D58: =26000 -> 26000
A59: Sunday | B59: 45347
A60: Monday | B60: 45348 | D60: =12548886+226000 -> 12774886
A61: Tuesday | B61: 45349 | D61: =26000 -> 26000
A62: Wednesday | B62: 45350 | D62: 225000 | E62: =12164911 -> 12164911
A63: Thursday | B63: 45351 | D63: =3519785+26000+26000 -> 3571785
A64: Friday | B64: 45352 | D64: =51000 -> 51000
A65: Saturday | B65: 45353
A66: Sunday | B66: 45354
A67: Monday | B67: 45355 | D67: =87000+718368+12937153 -> 13742521
A68: Tuesday | B68: 45356 | D68: =10309836 -> 10309836 | E68: =550000 -> 550000
A69: Wednesday | B69: 45357 | D69: 5320039
A70: Thursday | B70: 45358 | E70: =9689190 -> 9689190
A71: Friday | B71: 45359 | D71: =51000 -> 51000
A72: Saturday | B72: 45360
A73: Sunday | B73: 45361
A74: Monday | B74: 45362
A75: Tuesday | B75: 45363 | D75: =486830+76000 -> 562830
A76: Wednesday | B76: 45364 | D76: =198363+101000 -> 299363 | E76: =15662828 -> 15662828
A77: Thursday | B77: 45365 | D77: =300000 -> 300000
A78: Friday | B78: 45366
A79: Saturday | B79: 45367 | D79: =498202 -> 498202
A80: Sunday | B80: 45368
A81: Monday | B81: 45369 | D81: 25000
A82: Tuesday | B82: 45370 | D82: =4764847+410930 -> 5175777
A83: Wednesday | B83: 45371 | D83: =5489819+261000 -> 5750819
A84: Thursday | B84: 45372 | D84: =4713190+1386717 -> 6099907 | E84: 26000
A85: Friday | B85: 45373 | D85: =4833757 -> 4833757
A86: Saturday | B86: 45374 | D86: =26000+26000+1025628 -> 1077628
A87: Sunday | B87: 45375
A88: Monday | B88: 45376 | D88: =9475354 -> 9475354
A89: Tuesday | B89: 45377 | D89: =8171136+628730 -> 8799866
A90: Wednesday | B90: 45378 | D90: =6532002 -> 6532002
A91: Thursday | B91: 45379 | D91: =653000+549569+3590338 -> 4792907 | E91: =2378000 -> 2378000
A92: Friday | B92: 45380
A93: Saturday | B93: 45381
A94: Sunday | B94: 45382
A95: Monday | B95: 45383 | D95: =428000+632570 -> 1060570
A96: Tuesday | B96: 45384 | D96: =12170012 -> 12170012
A97: Wednesday | B97: 45385 | D97: 8009918
A98: Thursday | B98: 45386
A99: Friday | B99: 45387 | E99: =111300 -> 111300
A100: Saturday | B100: 45388 | D100: =708584 -> 708584
A101: Sunday | B101: 45389
...

Sheet ADONARA 2024
A2: TOTAL | C2: SETORAN BANK | F2: =SUBTOTAL(9,#REF!) -> #REF!
A3: Hari | B3: Tanggal | C3: BRI | D3: BNI | E3: LAINNYA | F3: TOTAL SETORAN
A4: Monday | B4: 45292
A5: Tuesday | B5: 45293 | C5: =11748000+1000000 -> 12748000
A6: Wednesday | B6: 45294 | D6: =25157000 -> 25157000
A7: Thursday | B7: 45295 | C7: =16764000 -> 16764000 | D7: =3000000 -> 3000000
A8: Friday | B8: 45296 | C8: 5372000 | D8: =45700000 -> 45700000
A9: Saturday | B9: 45297
A10: Sunday | B10: 45298
A11: Monday | B11: 45299 | C11: =11110000+14300000 -> 25410000 | D11: 27375000
A12: Tuesday | B12: 45300 | D12: =20035000 -> 20035000
A13: Wednesday | B13: 45301 | C13: 9259000
A14: Thursday | B14: 45302 | D14: 14460000
A15: Friday | B15: 45303 | C15: =10618000+1500000 -> 12118000 | D15: 15550000
A16: Saturday | B16: 45304
A17: Sunday | B17: 45305
A18: Monday | B18: 45306 | C18: =900000+6821000+9995000 -> 17716000 | D18: =21170000 -> 21170000
A19: Tuesday | B19: 45307 | D19: =15900000 -> 15900000
A20: Wednesday | B20: 45308 | C20: =11700000 -> 11700000 | D20: =13777000 -> 13777000
A21: Thursday | B21: 45309
A22: Friday | B22: 45310 | C22: =7320000+975000 -> 8295000 | D22: =31000000+4000000 -> 35000000
A23: Saturday | B23: 45311
A24: Sunday | B24: 45312
A25: Monday | B25: 45313 | C25: =12038000+200000+1900000 -> 14138000 | D25: =20000000+5600000 -> 25600000
A26: Tuesday | B26: 45314 | C26: 411000 | D26: =20000000+1850000 -> 21850000
A27: Wednesday | B27: 45315 | C27: =18000000+800000 -> 18800000
A28: Thursday | B28: 45316 | C28: 9978000
A29: Friday | B29: 45317 | C29: =1525000+25000000+3900000 -> 30425000
A30: Saturday | B30: 45318 | C30: 277000
A31: Sunday | B31: 45319
A32: Monday | B32: 45320 | D32: 27310000
A33: Tuesday | B33: 45321 | C33: 10981000
A34: Wednesday | B34: 45322 | C34: 25713000
A35: Thursday | B35: 45323 | D35: 17482000
A36: Friday | B36: 45324 | C36: 16862000
A37: Saturday | B37: 45325 | D37: 19345000
A38: Sunday | B38: 45326
A39: Monday | B39: 45327 | C39: =9193000 -> 9193000 | D39: =3521000+20000000+1950000+534000 -> 26005000
A40: Tuesday | B40: 45328
A41: Wednesday | B41: 45329 | C41: =359000+11021000+26000000 -> 37380000
A42: Thursday | B42: 45330
A43: Friday | B43: 45331 | C43: =15700000+427000 -> 16127000
A44: Saturday | B44: 45332
A45: Sunday | B45: 45333
A46: Monday | B46: 45334 | C46: =17245000 -> 17245000 | D46: 30000000
A47: Tuesday | B47: 45335 | C47: =7769000+494000 -> 8263000 | D47: =24000000 -> 24000000
A48: Wednesday | B48: 45336
A49: Thursday | B49: 45337 | C49: =14300000+233000 -> 14533000
A50: Friday | B50: 45338 | C50: =10552000+250000 -> 10802000
A51: Saturday | B51: 45339 | C51: =25800000 -> 25800000
A52: Sunday | B52: 45340
A53: Monday | B53: 45341 | C53: 15281000 | D53: 18320000
A54: Tuesday | B54: 45342 | D54: 15042000
A55: Wednesday | B55: 45343 | C55: =17252000+110000+1703000 -> 19065000 | D55: 10000000
A56: Thursday | B56: 45344 | C56: =12511000+18000000 -> 30511000
A57: Friday | B57: 45345 | C57: =4022000+2909000 -> 6931000
A58: Saturday | B58: 45346 | C58: =21300000+2210000 -> 23510000
A59: Sunday | B59: 45347
A60: Monday | B60: 45348
A61: Tuesday | B61: 45349 | C61: =17103000 -> 17103000 | D61: =24415000 -> 24415000
A62: Wednesday | B62: 45350 | C62: 16805000
A63: Thursday | B63: 45351 | C63: =120000+14275000 -> 14395000 | D63: 19815000
A64: Friday | B64: 45352
A65: Saturday | B65: 45353
A66: Sunday | B66: 45354
A67: Monday | B67: 45355 | C67: =31000000+28653000 -> 59653000
A68: Tuesday | B68: 45356 | D68: =13000000+950000 -> 13950000
A69: Wednesday | B69: 45357
A70: Thursday | B70: 45358 | C70: =150000 -> 150000 | D70: =2671000+50500000 -> 53171000
A71: Friday | B71: 45359 | C71: =13650000+1500000 -> 15150000 | D71: =5759000 -> 5759000
A72: Saturday | B72: 45360
A73: Sunday | B73: 45361
A74: Monday | B74: 45362
A75: Tuesday | B75: 45363
A76: Wednesday | B76: 45364 | C76: 38091000
A77: Thursday | B77: 45365 | D77: 26190000
A78: Friday | B78: 45366 | D78: 31873121
A79: Saturday | B79: 45367
A80: Sunday | B80: 45368 | C80: =14575000 -> 14575000
A81: Monday | B81: 45369 | D81: =1950000+37132000 -> 39082000
A82: Tuesday | B82: 45370
A83: Wednesday | B83: 45371 | D83: 55287000
A84: Thursday | B84: 45372
A85: Friday | B85: 45373 | C85: =21000000+21027000 -> 42027000 | D85: =196000 -> 196000
A86: Saturday | B86: 45374
A87: Sunday | B87: 45375
A88: Monday | B88: 45376
A89: Tuesday | B89: 45377 | D89: 31817000
A90: Wednesday | B90: 45378 | D90: =30635000+20950000 -> 51585000
A91: Thursday | B91: 45379
A92: Friday | B92: 45380
A93: Saturday | B93: 45381
A94: Sunday | B94: 45382
A95: Monday | B95: 45383 | D95: 102520000
A96: Tuesday | B96: 45384
A97: Wednesday | B97: 45385
A98: Thursday | B98: 45386 | D98: =2855370+87960000 -> 90815370
A99: Friday | B99: 45387
A100: Saturday | B100: 45388 | C100: =46267000 -> 46267000
A101: Sunday | B101: 45389
...

Sheet MAUMERE 2024
A2: TOTAL | C2: =SUBTOTAL(9,#REF!) -> #REF! | D2: SETORAN BANK | G2: =SUBTOTAL(9,#REF!) -> #REF!
A3: Hari | B3: Tanggal | C3: Tagihan Runsheet | D3: BRI | E3: BNI | F3: LAINNYA | G3: TOTAL SETORAN
A4: Monday | B4: 45292
A5: Tuesday | B5: 45293 | D5: 8534500
A6: Wednesday | B6: 45294 | E6: =646800+26000 -> 672800
A7: Thursday | B7: 45295
A8: Friday | B8: 45296 | D8: =18682500+213000 -> 18895500 | E8: =213000 -> 213000
A9: Saturday | B9: 45297 | E9: =1214000 -> 1214000
A10: Sunday | B10: 45298
A11: Monday | B11: 45299 | D11: =26000 -> 26000
A12: Tuesday | B12: 45300 | D12: =12214000 -> 12214000
A13: Wednesday | B13: 45301 | D13: =318000 -> 318000 | E13: 142500
A14: Thursday | B14: 45302 | D14: =34000 -> 34000
A15: Friday | B15: 45303 | D15: =17467500+210000 -> 17677500 | F15: 26000
A16: Saturday | B16: 45304
A17: Sunday | B17: 45305
A18: Monday | B18: 45306 | D18: =76000 -> 76000 | E18: =4900000+295000+253000 -> 5448000
A19: Tuesday | B19: 45307 | D19: =19273000+260000 -> 19533000 | E19: 140000
A20: Wednesday | B20: 45308
A21: Thursday | B21: 45309 | D21: =409140 -> 409140
A22: Friday | B22: 45310 | D22: =15122000 -> 15122000
A23: Saturday | B23: 45311
A24: Sunday | B24: 45312
A25: Monday | B25: 45313
A26: Tuesday | B26: 45314 | D26: 17102500 | F26: 21000
A27: Wednesday | B27: 45315 | D27: =268000+300000 -> 568000 | E27: =71000 -> 71000
A28: Thursday | B28: 45316 | D28: =90500 -> 90500 | E28: =365900+281000 -> 646900
A29: Friday | B29: 45317 | D29: =14327500 -> 14327500
A30: Saturday | B30: 45318
A31: Sunday | B31: 45319
A32: Monday | B32: 45320 | D32: =291000 -> 291000 | E32: =151000+36000+365900 -> 552900
A33: Tuesday | B33: 45321 | D33: =15260500+200000 -> 15460500
A34: Wednesday | B34: 45322 | F34: =195000 -> 195000
A35: Thursday | B35: 45323
A36: Friday | B36: 45324 | E36: =11678500+301000 -> 11979500
A37: Saturday | B37: 45325 | D37: =276000 -> 276000 | E37: =151000 -> 151000 | F37: =52000 -> 52000
A38: Sunday | B38: 45326
A39: Monday | B39: 45327 | D39: =152000 -> 152000 | E39: =36000 -> 36000
A40: Tuesday | B40: 45328 | D40: =20780500 -> 20780500
A41: Wednesday | B41: 45329 | E41: =21000+139000 -> 160000
A42: Thursday | B42: 45330
A43: Friday | B43: 45331 | D43: =34000 -> 34000
A44: Saturday | B44: 45332 | E44: =360000 -> 360000
A45: Sunday | B45: 45333
A46: Monday | B46: 45334 | D46: =24758500+34000 -> 24792500 | E46: 26000
A47: Tuesday | B47: 45335 | E47: 34000
A48: Wednesday | B48: 45336
A49: Thursday | B49: 45337
A50: Friday | B50: 45338 | D50: =10973000+130000 -> 11103000 | F50: =51000 -> 51000
A51: Saturday | B51: 45339 | D51: =470000 -> 470000 | F51: =119000 -> 119000
A52: Sunday | B52: 45340
A53: Monday | B53: 45341 | D53: =510000 -> 510000
A54: Tuesday | B54: 45342 | D54: =15899500 -> 15899500
A55: Wednesday | B55: 45343 | D55: =76000 -> 76000
A56: Thursday | B56: 45344
A57: Friday | B57: 45345 | D57: =182000 -> 182000
A58: Saturday | B58: 45346 | D58: =303000+316000 -> 619000 | E58: =26000+35000+50000+254000 -> 365000
A59: Sunday | B59: 45347
A60: Monday | B60: 45348 | D60: =26000 -> 26000
A61: Tuesday | B61: 45349 | D61: =11532500+27000 -> 11559500 | E61: =35000 -> 35000
A62: Wednesday | B62: 45350 | E62: =40000 -> 40000
A63: Thursday | B63: 45351 | E63: =26000+26000 -> 52000
A64: Friday | B64: 45352 | D64: =13908000+64000+315000 -> 14287000
A65: Saturday | B65: 45353 | D65: =304000 -> 304000
A66: Sunday | B66: 45354
A67: Monday | B67: 45355 | D67: =365000 -> 365000
A68: Tuesday | B68: 45356 | D68: =211000 -> 211000 | E68: =26000 -> 26000 | F68: =537000 -> 537000
A69: Wednesday | B69: 45357 | E69: =50000 -> 50000
A70: Thursday | B70: 45358
A71: Friday | B71: 45359 | D71: =12861500 -> 12861500
A72: Saturday | B72: 45360 | E72: 339000
A73: Sunday | B73: 45361
A74: Monday | B74: 45362 | D74: =50000+695000 -> 745000 | E74: =51000 -> 51000
A75: Tuesday | B75: 45363 | D75: =495000 -> 495000 | E75: =50000 -> 50000 | F75: =315000 -> 315000
A76: Wednesday | B76: 45364 | D76: =19257000 -> 19257000
A77: Thursday | B77: 45365 | D77: =67000 -> 67000 | E77: =210000 -> 210000
A78: Friday | B78: 45366 | D78: =5013000 -> 5013000
A79: Saturday | B79: 45367
A80: Sunday | B80: 45368
A81: Monday | B81: 45369 | D81: =210000+320000+34000 -> 564000
A82: Tuesday | B82: 45370 | D82: =13742500+26000+51000 -> 13819500
A83: Wednesday | B83: 45371
A84: Thursday | B84: 45372 | D84: =248000 -> 248000
A85: Friday | B85: 45373 | D85: =17790000+255000 -> 18045000
A86: Saturday | B86: 45374 | F86: =83000 -> 83000
A87: Sunday | B87: 45375
A88: Monday | B88: 45376 | D88: =26000 -> 26000 | E88: =26000 -> 26000 | F88: =30000+284000 -> 314000
A89: Tuesday | B89: 45377 | D89: 26000
A90: Wednesday | B90: 45378 | E90: =100000+899000+278500 -> 1277500
A91: Thursday | B91: 45379 | D91: =7841500+723000 -> 8564500
A92: Friday | B92: 45380
A93: Saturday | B93: 45381 | E93: =34000+355000 -> 389000
A94: Sunday | B94: 45382
A95: Monday | B95: 45383 | D95: =30000 -> 30000 | E95: =1156000 -> 1156000
A96: Tuesday | B96: 45384 | D96: =365000+100000 -> 465000
A97: Wednesday | B97: 45385
A98: Thursday | B98: 45386 | D98: =26000+52000 -> 78000
A99: Friday | B99: 45387 | E99: =133000 -> 133000
A100: Saturday | B100: 45388 | E100: =34000 -> 34000
A101: Sunday | B101: 45389 | D101: =52000 -> 52000
...

Sheet Labuan Bajo
A1: TOTAL | C1: SETORAN BANK | H1: =SUBTOTAL(9,H3:H368) -> 2569223050
A2: Hari | B2: Tanggal | C2: BRI | D2: BNI | E2: Mandiri | F2: LAINNYA | G2: Nobu Qris | H2: TOTAL SETORAN
A3: 45292 | B3: 45292 | C3: =11121215 -> 11121215 | H3: =SUM('Labuan Bajo'!$C3:$G3) -> 11121215
A4: 45293 | B4: 45293 | D4: =11813000+275000+45000+8096230+619500+101000+26000+1261000+92000 -> 22328730 | G4: =700000+306800+500000+90000+200000 -> 1796800 | H4: =SUM('Labuan Bajo'!$C4:$G4) -> 24125530
A5: 45294 | B5: 45294 | C5: =215000+5808349 -> 6023349 | D5: =3769927+8142000+26000+161000+646000+285000+126000 -> 13155927 | G5: =64000+136000+20000 -> 220000 | H5: =SUM('Labuan Bajo'!$C5:$G5) -> 19399276
A6: 45295 | B6: 45295 | C6: =6859866+5762991 -> 12622857 | D6: =308000+100000+33000 -> 441000 | G6: =82000+64000+78000+833500 -> 1057500 | H6: =SUM('Labuan Bajo'!$C6:$G6) -> 14121357
A7: 45296 | B7: 45296 | C7: =360551 -> 360551 | D7: =14990000+1624378+176000+180000+26000+200000+750000+89500+4405600 -> 22441478 | G7: =151000+136000+70000+129000+205000 -> 691000 | H7: =SUM('Labuan Bajo'!$C7:$G7) -> 23493029
A8: 45297 | B8: 45297 | C8: =3260235+4347774 -> 7608009 | D8: =600000+570000+2000000+31000+201000+450000 -> 3852000 | G8: =800000+64000+188000+25000+68000+82000 -> 1227000 | H8: =SUM('Labuan Bajo'!$C8:$G8) -> 12687009
A9: 45298 | B9: 45298 | D9: =90000+1197783+400000 -> 1687783 | G9: =64000 -> 64000 | H9: =SUM('Labuan Bajo'!$C9:$G9) -> 1751783
A10: 45299 | B10: 45299 | C10: =345000 -> 345000 | D10: =16142000+980000+1200000+77000+980000+800000+358024+5121497+5152473+32321 -> 30843315 | G10: =25000+180000+616400 -> 821400 | H10: =SUM('Labuan Bajo'!$C10:$G10) -> 32009715
A11: 45300 | B11: 45300 | C11: =712150+177000+7141602+185000 -> 8215752 | D11: =12481000+881198+310000+1155900+104000+26000+311250+152000+245000+130000+432000 -> 16228348 | G11: =500000+68000+165000+40000+137000+525048+82000 -> 1517048 | H11: =SUM('Labuan Bajo'!$C11:$G11) -> 25961148
A12: 45301 | B12: 45301 | C12: =11018194+8688480 -> 19706674 | D12: =17045000+100000+400000+50000 -> 17595000 | G12: =150000+272000+311000 -> 733000 | H12: =SUM('Labuan Bajo'!$C12:$G12) -> 38034674
A13: 45302 | B13: 45302 | C13: =129744+2115550+223000 -> 2468294 | D13: =200000+5496000+256000+126000+26000+123000+5479339 -> 11706339 | G13: =83000+533000+425000 -> 1041000 | H13: =SUM('Labuan Bajo'!$C13:$G13) -> 15215633
A14: 45303 | B14: 45303 | C14: =7423741 -> 7423741 | D14: =50000+2474776+1585176+17058000+27000+250000+220000 -> 21664952 | G14: =68000+226000+68000+234000+371000+30000+82000+100000 -> 1179000 | H14: =SUM('Labuan Bajo'!$C14:$G14) -> 30267693
A15: 45304 | B15: 45304 | D15: =260000+1434000+26000+100000+3983600+274000+400500+210000 -> 6688100 | G15: =78000+70000+284000+240000+33000 -> 705000 | H15: =SUM('Labuan Bajo'!$C15:$G15) -> 7393100
A16: 45305 | B16: 45305 | D16: =400000+382130+321000+3791860 -> 4894990 | H16: =SUM('Labuan Bajo'!$C16:$G16) -> 4894990
A17: 45306 | B17: 45306 | C17: =450228+4273800+214710 -> 4938738 | D17: =15294000+50000+255200+174000+76000+200000+1045900+5052000+400000+100000+4077975+15000+299268 -> 27039343 | G17: =64000 -> 64000 | H17: =SUM('Labuan Bajo'!$C17:$G17) -> 32042081
A18: 45307 | B18: 45307 | C18: =4835335+6849018+180000 -> 11864353 | D18: =12606000+51000+200000+272000+100000+2535815 -> 15764815 | G18: =83000+82000+121000+83000+286000+449000+609000+20000 -> 1733000 | H18: =SUM('Labuan Bajo'!$C18:$G18) -> 29362168
A19: 45308 | B19: 45308 | C19: =627681 -> 627681 | D19: =187000+155000+599000 -> 941000 | G19: =74000+100000+68000 -> 242000 | H19: =SUM('Labuan Bajo'!$C19:$G19) -> 1810681
A20: 45309 | B20: 45309 | D20: =1187900+76000+1440000+329700+379500+500000+387450+129000+50000+82000 -> 4561550 | G20: =25000+111000+198000+64000+258000+204000+82000 -> 942000 | H20: =SUM('Labuan Bajo'!$C20:$G20) -> 5503550
A21: 45310 | B21: 45310 | C21: =2411216+1330488+198000 -> 3939704 | D21: =14084000+5783000+4711400+100000+3640793+55896+220000+317000+250000 -> 29162089 | G21: =306000+43000+87000+82000 -> 518000 | H21: =SUM('Labuan Bajo'!$C21:$G21) -> 33619793
A22: 45311 | B22: 45311 | C22: =7875978+6848274 -> 14724252 | D22: =52000+1953136+305000+300000+44370+100000 -> 2754506 | G22: =33000+100000+97000+132000+120000+72000 -> 554000 | H22: =SUM('Labuan Bajo'!$C22:$G22) -> 18032758
A23: 45312 | B23: 45312 | C23: =36000 -> 36000 | D23: =80000 -> 80000 | G23: =20000 -> 20000 | H23: =SUM('Labuan Bajo'!$C23:$G23) -> 136000
A24: 45313 | B24: 45313 | C24: =1853955 -> 1853955 | D24: =280000+19235000+210000+195000+50000+598000+2331025+2163707 -> 25062732 | G24: =75000+64000+26000+82000 -> 247000 | H24: =SUM('Labuan Bajo'!$C24:$G24) -> 27163687
A25: 45314 | B25: 45314 | D25: =3427893+50000+230000 -> 3707893 | G25: =126000+268000+82000+43000 -> 519000 | H25: =SUM('Labuan Bajo'!$C25:$G25) -> 4226893
A26: 45315 | B26: 45315 | C26: =366180+5275040+4553455+100000 -> 10294675 | D26: =16573000+75000+500000+104000 -> 17252000 | G26: =43000+73000 -> 116000 | H26: =SUM('Labuan Bajo'!$C26:$G26) -> 27662675
A27: 45316 | B27: 45316 | C27: =245000+3628000 -> 3873000 | D27: =280000+1153800+7100818+1568963 -> 10103581 | G27: =300000+189000+64000+174000 -> 727000 | H27: =SUM('Labuan Bajo'!$C27:$G27) -> 14703581
A28: 45317 | B28: 45317 | C28: =96000+5065658 -> 5161658 | D28: =12872000+1468000+3276376+390150+477000 -> 18483526 | G28: =246000+24000+135000+33000+33000 -> 471000 | H28: =SUM('Labuan Bajo'!$C28:$G28) -> 24116184
A29: 45318 | B29: 45318 | C29: =1628088 -> 1628088 | D29: =325000+396000 -> 721000 | G29: =25000+286000 -> 311000 | H29: =SUM('Labuan Bajo'!$C29:$G29) -> 2660088
A30: 45319 | B30: 45319 | D30: =256000+288000+280000+846100+3638973 -> 5309073 | G30: =3224000 -> 3224000 | H30: =SUM('Labuan Bajo'!$C30:$G30) -> 8533073
A31: 45320 | B31: 45320 | C31: =7742361+557000+1410393 -> 9709754 | D31: =13283000+291000+2832477+3044448+383102+101000+50000 -> 19985027 | G31: =231000+50000+21000+33000+20000+286000+2002000+120000 -> 2763000 | H31: =SUM('Labuan Bajo'!$C31:$G31) -> 32457781
A32: 45321 | B32: 45321 | C32: =403012 -> 403012 | D32: =5773000+51000+300000+100000+1502000+150000 -> 7876000 | G32: =70000+169000+66000+82000+82000 -> 469000 | H32: =SUM('Labuan Bajo'!$C32:$G32) -> 8748012
A33: 45322 | B33: 45322 | C33: =355000+6396574+2328083 -> 9079657 | D33: =6839209+51000 -> 6890209 | G33: =82000+50000+74000+82000+134000+1410000 -> 1832000 | H33: =SUM('Labuan Bajo'!$C33:$G33) -> 17801866
A34: 45323 | B34: 45323 | C34: =1475112+968442 -> 2443554 | D34: =8868000+2490000+3665724 -> 15023724 | G34: =251000+97000+132000+196000+148000 -> 824000 | H34: =SUM('Labuan Bajo'!$C34:$G34) -> 18291278
A35: 45324 | B35: 45324 | C35: =3790130 -> 3790130 | D35: =6974000+980000+250000+3654094 -> 11858094 | G35: =30000+300000+227000+30000+336000 -> 923000 | H35: =SUM('Labuan Bajo'!$C35:$G35) -> 16571224
A36: 45325 | B36: 45325 | C36: =3006689 -> 3006689 | D36: =329700+207000+316000 -> 852700 | G36: =304000+30000+68000+1700000+50000+704000+64000 -> 2920000 | H36: =SUM('Labuan Bajo'!$C36:$G36) -> 6779389
A37: 45326 | B37: 45326 | D37: =3235678 -> 3235678 | G37: =40000+103000+418000 -> 561000 | H37: =SUM('Labuan Bajo'!$C37:$G37) -> 3796678
A38: 45327 | B38: 45327 | C38: =3059294+4492712+151000 -> 7703006 | D38: =11167000+265000+200000+1100000+26000+50000+50000 -> 12858000 | G38: =74400+136000+50000+82000+139000+134000 -> 615400 | H38: =SUM('Labuan Bajo'!$C38:$G38) -> 21176406
A39: 45328 | B39: 45328 | C39: =1618386+9916468+455000 -> 11989854 | D39: =5468277+928441+1100000+1926000+340000+306000+505000 -> 10573718 | G39: =600000+400000+20000+86000+90000+115000+82000 -> 1393000 | H39: =SUM('Labuan Bajo'!$C39:$G39) -> 23956572
A40: 45329 | B40: 45329 | C40: =2482030+757488 -> 3239518 | D40: =150000+5300000+26000+100000+2528592 -> 8104592 | G40: =400000+220000+132000+234000+520000+162000 -> 1668000 | H40: =SUM('Labuan Bajo'!$C40:$G40) -> 13012110
A41: 45330 | B41: 45330 | C41: =3178549 -> 3178549 | D41: =281000 -> 281000 | G41: =25000 -> 25000 | H41: =SUM('Labuan Bajo'!$C41:$G41) -> 3484549
A42: 45331 | B42: 45331 | D42: =25000+385000+382130+150000+1300000+180000+244000+683000 -> 3349130 | G42: =540000+35000+60000+350000+68000+198000+33000+350000 -> 1634000 | H42: =SUM('Labuan Bajo'!$C42:$G42) -> 4983130
A43: 45332 | B43: 45332 | D43: =791800+300000+191000+50000+400000+3845011+1818644+3224541 -> 10620996 | H43: =SUM('Labuan Bajo'!$C43:$G43) -> 10620996
A44: 45333 | B44: 45333 | G44: =329000+137000 -> 466000 | H44: =SUM('Labuan Bajo'!$C44:$G44) -> 466000
A45: 45334 | B45: 45334 | C45: =1265736+12480709+4522709 -> 18269154 | D45: =19683000+305000+81000+239200+347400+7762890+2817819+950000+207000+2655000+725500 -> 35773809 | G45: =68000+100000+25000 -> 193000 | H45: =SUM('Labuan Bajo'!$C45:$G45) -> 54235963
A46: 45335 | B46: 45335 | C46: =10562267+5905416 -> 16467683 | D46: =5763000+276000+200000 -> 6239000 | G46: =68000+300000+170000+68000+267000+73000+136000+146000 -> 1228000 | H46: =SUM('Labuan Bajo'!$C46:$G46) -> 23934683
A47: 45336 | B47: 45336 | G47: =36000 -> 36000 | H47: =SUM('Labuan Bajo'!$C47:$G47) -> 36000
A48: 45337 | B48: 45337 | C48: =1208655+2375000+1617296 -> 5200951 | D48: =402000+126990+980000+300000 -> 1808990 | G48: =1000000+100000+20000+73000+66000+625000+92000+20000 -> 1996000 | H48: =SUM('Labuan Bajo'!$C48:$G48) -> 9005941
A49: 45338 | B49: 45338 | C49: =10897323 -> 10897323 | D49: =1293222+1243000+149375+200000 -> 2885597 | G49: =83600+83000+71000+82000+200000+64000 -> 583600 | H49: =SUM('Labuan Bajo'!$C49:$G49) -> 14366520
A50: 45339 | B50: 45339 | C50: =200000 -> 200000 | D50: =225000+300000+26000 -> 551000 | G50: =100000+100000+35000+2000 -> 237000 | H50: =SUM('Labuan Bajo'!$C50:$G50) -> 988000
A51: 45340 | B51: 45340 | C51: =6918872 -> 6918872 | D51: =5350000 -> 5350000 | G51: =211500+82000 -> 293500 | H51: =SUM('Labuan Bajo'!$C51:$G51) -> 12562372
A52: 45341 | B52: 45341 | C52: =3361344+8454934 -> 11816278 | D52: =15426000+400000+1263388+100000+51000+431000+1500000+401000+275000+76000 -> 19923388 | G52: =226000+53000+40000+100000+74400+180000+25000+20000 -> 718400 | H52: =SUM('Labuan Bajo'!$C52:$G52) -> 32458066
A53: 45342 | B53: 45342 | C53: =12910276+2647445 -> 15557721 | D53: =400000+230000+296000 -> 926000 | G53: =204000+99000+82000 -> 385000 | H53: =SUM('Labuan Bajo'!$C53:$G53) -> 16868721
A54: 45343 | B54: 45343 | C54: =1272886+12208536+272000 -> 13753422 | D54: =16656000+100000+26000+902000+100000+251000 -> 18035000 | G54: =33000+30000+60000+256000+533000+82000+140000 -> 1134000 | H54: =SUM('Labuan Bajo'!$C54:$G54) -> 32922422
A55: 45344 | B55: 45344 | C55: =2367285 -> 2367285 | D55: =100000+258750+241000 -> 599750 | G55: =87000+200000+66000+251000 -> 604000 | H55: =SUM('Labuan Bajo'!$C55:$G55) -> 3571035
A56: 45345 | B56: 45345 | C56: =299064+4094073+6889128 -> 11282265 | D56: =8854000+100000 -> 8954000 | G56: =82000+180000+66000+75000 -> 403000 | H56: =SUM('Labuan Bajo'!$C56:$G56) -> 20639265
A57: 45346 | B57: 45346 | D57: =26000+780000+666400 -> 1472400 | G57: =150000+108000+101000+70000 -> 429000 | H57: =SUM('Labuan Bajo'!$C57:$G57) -> 1901400
A58: 45347 | B58: 45347 | C58: =9426925 -> 9426925 | D58: =95000 -> 95000 | H58: =SUM('Labuan Bajo'!$C58:$G58) -> 9521925
A59: 45348 | B59: 45348 | C59: =221450+1360458+6636985 -> 8218893 | D59: =11150000+50000+200000+28000+5251000 -> 16679000 | G59: =64000+100000+82000+176000+370000+70000+246000 -> 1108000 | H59: =SUM('Labuan Bajo'!$C59:$G59) -> 26005893
A60: 45349 | B60: 45349 | C60: =13077752+2835470 -> 15913222 | D60: =70000+980000 -> 1050000 | G60: =82000+300000+36000+172000+76000+504000+200000+68000+38400 -> 1476400 | H60: =SUM('Labuan Bajo'!$C60:$G60) -> 18439622
A61: 45350 | B61: 45350 | C61: =3045861+345050+82000 -> 3472911 | D61: =12125000+60000+361508+215000 -> 12761508 | G61: =104000+300000+336000+66000+76000+73000 -> 955000 | H61: =SUM('Labuan Bajo'!$C61:$G61) -> 17189419
A62: 45351 | B62: 45351 | C62: =6732332+3707978 -> 10440310 | D62: =91000+245000+50000+124000+148000 -> 658000 | G62: =76000+181350+205000+180000+64000+136000+306000+73000+164000+50000+79000+83000 -> 1597350 | H62: =SUM('Labuan Bajo'!$C62:$G62) -> 12695660
A63: 45352 | B63: 45352 | C63: =3166583+8139406+167000 -> 11472989 | D63: =8544000+181000+107000+326000+347000+82000 -> 9587000 | G63: =180000+10000+26000+70000+69000 -> 355000 | H63: =SUM('Labuan Bajo'!$C63:$G63) -> 21414989
A64: 45353 | B64: 45353 | C64: =2542949 -> 2542949 | D64: =90000+281000+200000+1800000 -> 2371000 | G64: =80000+170000+198000+958200+130000 -> 1536200 | H64: =SUM('Labuan Bajo'!$C64:$G64) -> 6450149
A65: 45354 | B65: 45354 | D65: =21000+50000+368000 -> 439000 | G65: =110000+38000+82000+82000 -> 312000 | H65: =SUM('Labuan Bajo'!$C65:$G65) -> 751000
A66: 45355 | B66: 45355 | C66: =802473 -> 802473 | D66: =18170000+26000 -> 18196000 | G66: =174000+82000+100000+102000+25000+82000+82000+82000+87000+282000 -> 1098000 | H66: =SUM('Labuan Bajo'!$C66:$G66) -> 20096473
A67: 45356 | B67: 45356 | C67: =6865504+3870181+136000+363671 -> 11235356 | D67: =90000+468017 -> 558017 | G67: =60000+88000+73000+186000 -> 407000 | H67: =SUM('Labuan Bajo'!$C67:$G67) -> 12200373
A68: 45357 | B68: 45357 | C68: =1619451+9448977+12619348+263000 -> 23950776 | D68: =9897000+300000+708000+18000+150000+50000+409816+305000 -> 11837816 | G68: =300000+68000+68000+146000+322000+64000 -> 968000 | H68: =SUM('Labuan Bajo'!$C68:$G68) -> 36756592
A69: 45358 | B69: 45358 | C69: =1312600+500000 -> 1812600 | D69: =350000+26000+501433+255000+80000+101967+100000 -> 1414400 | G69: =64000+68000+64000+290000 -> 486000 | H69: =SUM('Labuan Bajo'!$C69:$G69) -> 3713000
A70: 45359 | B70: 45359 | C70: =1164484+4041158 -> 5205642 | D70: =1000000+1773000+262650+236000+126000+400000+420000+62000 -> 4279650 | G70: =93000+150000+204000+33000+129000+33000+744600 -> 1386600 | H70: =SUM('Labuan Bajo'!$C70:$G70) -> 10871892
A71: 45360 | B71: 45360 | C71: =637000+9489599 -> 10126599 | D71: =740100+477920 -> 1218020 | G71: =198000+25000 -> 223000 | H71: =SUM('Labuan Bajo'!$C71:$G71) -> 11567619
A72: 45361 | B72: 45361 | D72: =21105+180000+100000+50000+250000 -> 601105 | G72: =50000 -> 50000 | H72: =SUM('Labuan Bajo'!$C72:$G72) -> 651105
A73: 45362 | B73: 45362 | C73: =2313270 -> 2313270 | D73: =1396742+30000 -> 1426742 | G73: =35000+82000 -> 117000 | H73: =SUM('Labuan Bajo'!$C73:$G73) -> 3857012
A74: 45363 | B74: 45363 | C74: =8908128+13430015+474000+4512444 -> 27324587 | D74: =345800+1695000 -> 2040800 | G74: =92332+80000+309000+64000+81000+25000+74000+53000 -> 778332 | H74: =SUM('Labuan Bajo'!$C74:$G74) -> 30143719
A75: 45364 | B75: 45364 | C75: =548000+11300860+13162336 -> 25011196 | D75: =21970000+647560+119944+26000 -> 22763504 | G75: =65000+91000 -> 156000 | H75: =SUM('Labuan Bajo'!$C75:$G75) -> 47930700
A76: 45365 | B76: 45365 | C76: =1753838+253380 -> 2007218 | D76: =645000+100000+51000 -> 796000 | G76: =25000+244000 -> 269000 | H76: =SUM('Labuan Bajo'!$C76:$G76) -> 3072218
A77: 45366 | B77: 45366 | C77: =569900+5571874+2114274 -> 8256048 | D77: =9012000+230000+150000+100000+400000+21000+82000 -> 9995000 | G77: =214000+50000+20000+249000+93000 -> 626000 | H77: =SUM('Labuan Bajo'!$C77:$G77) -> 18877048
A78: 45367 | B78: 45367 | C78: =200000 -> 200000 | D78: =31000+675000+350000+300000 -> 1356000 | G78: =999000+588000+575000+355000+82000+120000 -> 2719000 | H78: =SUM('Labuan Bajo'!$C78:$G78) -> 4275000
A79: 45368 | B79: 45368 | D79: =304950+35000+276000 -> 615950 | G79: =306000+252850+50000+100000 -> 708850 | H79: =SUM('Labuan Bajo'!$C79:$G79) -> 1324800
A80: 45369 | B80: 45369 | C80: =2188028 -> 2188028 | D80: =7107000+276000+295000+256750+184110+315000+500000+1200000+26000+463010+283500 -> 10906370 | G80: =64000+25000+113000+134000+36000+82000+427000 -> 881000 | H80: =SUM('Labuan Bajo'!$C80:$G80) -> 13975398
A81: 45370 | B81: 45370 | C81: =2555790+233000+95000 -> 2883790 | D81: =200000+480000+304000+260000+640000+95000+136000+239850+51000 -> 2405850 | G81: =97000+71000+33000+64000+82000+82000 -> 429000 | H81: =SUM('Labuan Bajo'!$C81:$G81) -> 5718640
A82: 45371 | B82: 45371 | C82: =27305177+11211170 -> 38516347 | D82: =11130000+51000+18130+126000+215000+100000+50000+68000+68000 -> 11826130 | G82: =15000+50000+56000+50000+150000+100000+321000+64000 -> 806000 | H82: =SUM('Labuan Bajo'!$C82:$G82) -> 51148477
A83: 45372 | B83: 45372 | C83: =2812892+57630 -> 2870522 | D83: =26000+100000+1500000+200000+200000 -> 2026000 | G83: =3900000+66000+121000+78000+164000+195000+327000+205000 -> 5056000 | H83: =SUM('Labuan Bajo'!$C83:$G83) -> 9952522
A84: 45373 | B84: 45373 | C84: =1832209+13388301+281000 -> 15501510 | D84: =6990000+783750+170000+26000+85000 -> 8054750 | G84: =305000+270000+639000+30000+82000 -> 1326000 | H84: =SUM('Labuan Bajo'!$C84:$G84) -> 24882260
A85: 45374 | B85: 45374 | C85: =150000+571428+60000 -> 781428 | D85: =26000+166000+21000+101000 -> 314000 | G85: =50000+82000+50000 -> 182000 | H85: =SUM('Labuan Bajo'!$C85:$G85) -> 1277428
A86: 45375 | B86: 45375 | D86: =59000 -> 59000 | G86: =80000+33000 -> 113000 | H86: =SUM('Labuan Bajo'!$C86:$G86) -> 172000
A87: 45376 | B87: 45376 | C87: =12687443+15886081+1385000 -> 29958524 | D87: =14708000+491000+97000+13000+276000+60000+275000+82000 -> 16002000 | G87: =50000+110000+183000+136000 -> 479000 | H87: =SUM('Labuan Bajo'!$C87:$G87) -> 46439524
A88: 45377 | B88: 45377 | C88: =2486880 -> 2486880 | D88: =150000+1557000+200000+300000 -> 2207000 | G88: =230000+82000+100000+658000 -> 1070000 | H88: =SUM('Labuan Bajo'!$C88:$G88) -> 5763880
A89: 45378 | B89: 45378 | C89: =15495352+5279994+765610 -> 21540956 | D89: =18834000+50000+176000+266000+200000+270000+14570+50000+200000+50000 -> 20110570 | G89: =31000+85000 -> 116000 | H89: =SUM('Labuan Bajo'!$C89:$G89) -> 41767526
A90: 45379 | B90: 45379 | C90: =16350759+6783692+494000+151000+497500+286000 -> 24562951 | D90: =5662000+200000+250000+2200000 -> 8312000 | E90: bri 286k | G90: =220000+68000+362000+69000+64000 -> 783000 | H90: =SUM('Labuan Bajo'!$C90:$G90) -> 33657951
A91: 45380 | B91: 45380 | C91: =1987553 -> 1987553 | G91: =272000+430000 -> 702000 | H91: =SUM('Labuan Bajo'!$C91:$G91) -> 2689553
A92: 45381 | B92: 45381 | C92: =82500+552442+1065000 -> 1699942 | D92: =176000+76000+68000+33000 -> 353000 | G92: =20000+305500+215000 -> 540500 | H92: =SUM('Labuan Bajo'!$C92:$G92) -> 2593442
A93: 45382 | B93: 45382 | C93: =5430086+224094 -> 5654180 | D93: =331084+20000 -> 351084 | H93: =SUM('Labuan Bajo'!$C93:$G93) -> 6005264
A94: 45383 | B94: 45383 | C94: =14767252+530000+405000+123000 -> 15825252 | D94: =13778000+519000+302000+101000+305750+650000+50000+115613+59058+4743000+11700000+200000 -> 32523421 | G94: =180000+266000+500000+78000+51000+790000+92000 -> 1957000 | H94: =SUM('Labuan Bajo'!$C94:$G94) -> 50305673
A95: 45384 | B95: 45384 | C95: =894906+449000+2292521+523000+223977+93000 -> 4476404 | D95: =288500+250000+100000+1012380+286250+80000+70000+564000 -> 2651130 | G95: =100000+68000+69000+402000+151000+74000 -> 864000 | H95: =SUM('Labuan Bajo'!$C95:$G95) -> 7991534
A96: 45385 | B96: 45385 | C96: =13035519+3345886+59000 -> 16440405 | D96: =16855000+165000+250000+308698+130000+312000 -> 18020698 | G96: =82000+70000+132000+150000 -> 434000 | H96: =SUM('Labuan Bajo'!$C96:$G96) -> 34895103
A97: 45386 | B97: 45386 | C97: =9028210+8144949+499000+194516+437600 -> 18304275 | D97: =316000+20000+76000+91000 -> 503000 | G97: =82000+68000 -> 150000 | H97: =SUM('Labuan Bajo'!$C97:$G97) -> 18957275
A98: 45387 | B98: 45387 | C98: =1598000+127000 -> 1725000 | D98: =1050000+11687000+292000+767000+300000+150000+1450000+21258+443000 -> 16160258 | E98: BNI 292K DST | G98: =7282000+66000+74000+600000+68000+30000+68000+68000+1000000+220000+272000+66000+448000+87000+68000+82000 -> 10499000 | H98: =SUM('Labuan Bajo'!$C98:$G98) -> 28384258 | I98: QRIS 66K DST
A99: 45388 | B99: 45388 | C99: =3595867+1312406 -> 4908273 | D99: =536000+600000+42000+26000+800000+100000 -> 2104000 | G99: =97000+64000+272000+20000 -> 453000 | H99: =SUM('Labuan Bajo'!$C99:$G99) -> 7465273
A100: 45389 | B100: 45389 | C100: =269250 -> 269250 | D100: =44000+464000 -> 508000 | G100: =180000+30000 -> 210000 | H100: =SUM('Labuan Bajo'!$C100:$G100) -> 987250
...

Sheet Lembata
A1: TOTAL | C1: SETORAN BANK | F1: =SUBTOTAL(9,F3:F368) -> 3077603325
A2: Hari | B2: Tanggal | C2: BRI | D2: BNI | E2: LAINNYA | F2: TOTAL SETORAN
A3: 45292 | B3: 45292 | C3: =1289500 -> 1289500 | F3: =SUM(Lembata!$C3:$E3) -> 1289500
A4: 45293 | B4: 45293 | C4: =16705000+168500 -> 16873500 | D4: =167000 -> 167000 | F4: =SUM(Lembata!$C4:$E4) -> 17040500
A5: 45294 | B5: 45294 | C5: =48279000+11078000+200000+51000 -> 59608000 | F5: =SUM(Lembata!$C5:$E5) -> 59608000
A6: 45295 | B6: 45295 | C6: =180155 -> 180155 | D6: =144840 -> 144840 | F6: =SUM(Lembata!$C6:$E6) -> 324995
A7: 45296 | B7: 45296 | C7: =7573000+34571000 -> 42144000 | F7: =SUM(Lembata!$C7:$E7) -> 42144000
A8: 45297 | B8: 45297 | C8: =254000+100000 -> 354000 | D8: =195000 -> 195000 | F8: =SUM(Lembata!$C8:$E8) -> 549000
A9: 45298 | B9: 45298 | F9: =SUM(Lembata!$C9:$E9) -> 0
A10: 45299 | B10: 45299 | C10: =25872000+359342+420000+230000 -> 26881342 | F10: =SUM(Lembata!$C10:$E10) -> 26881342
A11: 45300 | B11: 45300 | C11: =126480 -> 126480 | D11: =21966000 -> 21966000 | F11: =SUM(Lembata!$C11:$E11) -> 22092480
A12: 45301 | B12: 45301 | C12: =30232000+288362 -> 30520362 | F12: =SUM(Lembata!$C12:$E12) -> 30520362
A13: 45302 | B13: 45302 | F13: =SUM(Lembata!$C13:$E13) -> 0
A14: 45303 | B14: 45303 | C14: =23492000+42118000+21000+223380 -> 65854380 | F14: =SUM(Lembata!$C14:$E14) -> 65854380
A15: 45304 | B15: 45304 | C15: =51000+26000+102000+179000 -> 358000 | F15: =SUM(Lembata!$C15:$E15) -> 358000
A16: 45305 | B16: 45305 | D16: =216000 -> 216000 | F16: =SUM(Lembata!$C16:$E16) -> 216000
A17: 45306 | B17: 45306 | C17: =26000+300000+153000+83000 -> 562000 | D17: =43044000 -> 43044000 | F17: =SUM(Lembata!$C17:$E17) -> 43606000
A18: 45307 | B18: 45307 | C18: =12600000+853088+256034 -> 13709122 | D18: =20941500+598950 -> 21540450 | F18: =SUM(Lembata!$C18:$E18) -> 35249572
A19: 45308 | B19: 45308 | C19: =377000+76000 -> 453000 | D19: =1333500 -> 1333500 | F19: =SUM(Lembata!$C19:$E19) -> 1786500
A20: 45309 | B20: 45309 | C20: =212914+370000 -> 582914 | F20: =SUM(Lembata!$C20:$E20) -> 582914
A21: 45310 | B21: 45310 | C21: =11850000+10000+51000+120000 -> 12031000 | D21: =48921000 -> 48921000 | F21: =SUM(Lembata!$C21:$E21) -> 60952000
A22: 45311 | B22: 45311 | F22: =SUM(Lembata!$C22:$E22) -> 0
A23: 45312 | B23: 45312 | F23: =SUM(Lembata!$C23:$E23) -> 0
A24: 45313 | B24: 45313 | C24: =29689000+122000+26000+625000 -> 30462000 | F24: =SUM(Lembata!$C24:$E24) -> 30462000
A25: 45314 | B25: 45314 | C25: =10903000+2226000 -> 13129000 | F25: =SUM(Lembata!$C25:$E25) -> 13129000
A26: 45315 | B26: 45315 | C26: =30406000+381480+267800 -> 31055280 | F26: =SUM(Lembata!$C26:$E26) -> 31055280
A27: 45316 | B27: 45316 | C27: =52000+980000+270000+152490 -> 1454490 | D27: =671000 -> 671000 | F27: =SUM(Lembata!$C27:$E27) -> 2125490
A28: 45317 | B28: 45317 | C28: =5225000+19900000+28876000+203000+51000 -> 54255000 | F28: =SUM(Lembata!$C28:$E28) -> 54255000
A29: 45318 | B29: 45318 | F29: =SUM(Lembata!$C29:$E29) -> 0
A30: 45319 | B30: 45319 | C30: =26000 -> 26000 | F30: =SUM(Lembata!$C30:$E30) -> 26000
A31: 45320 | B31: 45320 | C31: =90066+1170150+382000 -> 1642216 | D31: =28129000 -> 28129000 | F31: =SUM(Lembata!$C31:$E31) -> 29771216
A32: 45321 | B32: 45321 | C32: =14065000 -> 14065000 | F32: =SUM(Lembata!$C32:$E32) -> 14065000
A33: 45322 | B33: 45322 | C33: =27020000 -> 27020000 | F33: =SUM(Lembata!$C33:$E33) -> 27020000
A34: 45323 | B34: 45323 | C34: =619000+102000 -> 721000 | D34: =299698+1551875 -> 1851573 | F34: =SUM(Lembata!$C34:$E34) -> 2572573
A35: 45324 | B35: 45324 | C35: =2732000+14200000+26645000+51000 -> 43628000 | F35: =SUM(Lembata!$C35:$E35) -> 43628000
A36: 45325 | B36: 45325 | D36: =371112 -> 371112 | F36: =SUM(Lembata!$C36:$E36) -> 371112
A37: 45326 | B37: 45326 | F37: =SUM(Lembata!$C37:$E37) -> 0
A38: 45327 | B38: 45327 | C38: =10440000+32823000+50000+180000 -> 43493000 | D38: =219000 -> 219000 | F38: =SUM(Lembata!$C38:$E38) -> 43712000
A39: 45328 | B39: 45328 | C39: =281000+141110 -> 422110 | F39: =SUM(Lembata!$C39:$E39) -> 422110
A40: 45329 | B40: 45329 | C40: =895000+39614000+438000 -> 40947000 | F40: =SUM(Lembata!$C40:$E40) -> 40947000
A41: 45330 | B41: 45330 | C41: =136000 -> 136000 | F41: =SUM(Lembata!$C41:$E41) -> 136000
A42: 45331 | B42: 45331 | C42: =379000+1191000+26000+200000 -> 1796000 | F42: =SUM(Lembata!$C42:$E42) -> 1796000
A43: 45332 | B43: 45332 | C43: =182580+426000+297000+633000 -> 1538580 | D43: =108000 -> 108000 | F43: =SUM(Lembata!$C43:$E43) -> 1646580
A44: 45333 | B44: 45333 | F44: =SUM(Lembata!$C44:$E44) -> 0
A45: 45334 | B45: 45334 | C45: =60777000+302000 -> 61079000 | F45: =SUM(Lembata!$C45:$E45) -> 61079000
A46: 45335 | B46: 45335 | C46: =595000+1703000+8000000+278000+884000 -> 11460000 | D46: =1000000 -> 1000000 | F46: =SUM(Lembata!$C46:$E46) -> 12460000
A47: 45336 | B47: 45336 | F47: =SUM(Lembata!$C47:$E47) -> 0
A48: 45337 | B48: 45337 | C48: =110000 -> 110000 | F48: =SUM(Lembata!$C48:$E48) -> 110000
A49: 45338 | B49: 45338 | C49: =49554000+305000+78000+154000 -> 50091000 | F49: =SUM(Lembata!$C49:$E49) -> 50091000
A50: 45339 | B50: 45339 | C50: =100000 -> 100000 | F50: =SUM(Lembata!$C50:$E50) -> 100000
A51: 45340 | B51: 45340 | C51: =51000+150000+485000+135000 -> 821000 | F51: =SUM(Lembata!$C51:$E51) -> 821000
A52: 45341 | B52: 45341 | C52: =20900000+30868500+26000 -> 51794500 | D52: =461000 -> 461000 | F52: =SUM(Lembata!$C52:$E52) -> 52255500
A53: 45342 | B53: 45342 | D53: =312000 -> 312000 | F53: =SUM(Lembata!$C53:$E53) -> 312000
A54: 45343 | B54: 45343 | C54: =16612000+37942000+341200+1028000+197000 -> 56120200 | F54: =SUM(Lembata!$C54:$E54) -> 56120200
A55: 45344 | B55: 45344 | C55: =121000 -> 121000 | F55: =SUM(Lembata!$C55:$E55) -> 121000
A56: 45345 | B56: 45345 | C56: =9400000+5190000+31405000 -> 45995000 | F56: =SUM(Lembata!$C56:$E56) -> 45995000
A57: 45346 | B57: 45346 | C57: =174000 -> 174000 | F57: =SUM(Lembata!$C57:$E57) -> 174000
A58: 45347 | B58: 45347 | F58: =SUM(Lembata!$C58:$E58) -> 0
A59: 45348 | B59: 45348 | C59: =1262000+2500000+24059000+366000+238500+124000+75000+280000 -> 28904500 | F59: =SUM(Lembata!$C59:$E59) -> 28904500
A60: 45349 | B60: 45349 | C60: =219000 -> 219000 | D60: =150000 -> 150000 | F60: =SUM(Lembata!$C60:$E60) -> 369000
A61: 45350 | B61: 45350 | C61: =11823000+52810000+26000+858000 -> 65517000 | F61: =SUM(Lembata!$C61:$E61) -> 65517000
A62: 45351 | B62: 45351 | F62: =SUM(Lembata!$C62:$E62) -> 0
A63: 45352 | B63: 45352 | C63: =14600000+640000+24347000+247000+322000+237048+267697 -> 40660745 | F63: =SUM(Lembata!$C63:$E63) -> 40660745
A64: 45353 | B64: 45353 | C64: =51000+113000 -> 164000 | F64: =SUM(Lembata!$C64:$E64) -> 164000
A65: 45354 | B65: 45354 | F65: =SUM(Lembata!$C65:$E65) -> 0
A66: 45355 | B66: 45355 | C66: =4210000+5000000+31981500+136000+477000+3334310+326519 -> 45465329 | F66: =SUM(Lembata!$C66:$E66) -> 45465329
A67: 45356 | B67: 45356 | F67: =SUM(Lembata!$C67:$E67) -> 0
A68: 45357 | B68: 45357 | C68: =204000+8200000+32149000 -> 40553000 | F68: =SUM(Lembata!$C68:$E68) -> 40553000
A69: 45358 | B69: 45358 | C69: =308000+1312000 -> 1620000 | F69: =SUM(Lembata!$C69:$E69) -> 1620000
A70: 45359 | B70: 45359 | C70: =5900000+26837000+298283+446000+200850 -> 33682133 | F70: =SUM(Lembata!$C70:$E70) -> 33682133
A71: 45360 | B71: 45360 | C71: =1972180 -> 1972180 | D71: =129000 -> 129000 | F71: =SUM(Lembata!$C71:$E71) -> 2101180
A72: 45361 | B72: 45361 | F72: =SUM(Lembata!$C72:$E72) -> 0
A73: 45362 | B73: 45362 | C73: =4508000+384000+308550+315000 -> 5515550 | F73: =SUM(Lembata!$C73:$E73) -> 5515550
A74: 45363 | B74: 45363 | C74: =364140 -> 364140 | F74: =SUM(Lembata!$C74:$E74) -> 364140
A75: 45364 | B75: 45364 | C75: =16100000+1205000+172379+200000+196350 -> 17873729 | D75: =140499+43420000 -> 43560499 | F75: =SUM(Lembata!$C75:$E75) -> 61434228
A76: 45365 | B76: 45365 | D76: =402500 -> 402500 | F76: =SUM(Lembata!$C76:$E76) -> 402500
A77: 45366 | B77: 45366 | C77: =13560000+106000+52000 -> 13718000 | D77: =31645500+110000+130700 -> 31886200 | F77: =SUM(Lembata!$C77:$E77) -> 45604200
A78: 45367 | B78: 45367 | F78: =SUM(Lembata!$C78:$E78) -> 0
A79: 45368 | B79: 45368 | D79: =120000 -> 120000 | F79: =SUM(Lembata!$C79:$E79) -> 120000
A80: 45369 | B80: 45369 | C80: =92000+18000000+29827000+167000+118000+138919+647190 -> 48990109 | F80: =SUM(Lembata!$C80:$E80) -> 48990109
A81: 45370 | B81: 45370 | C81: =216526 -> 216526 | D81: =450000 -> 450000 | F81: =SUM(Lembata!$C81:$E81) -> 666526
A82: 45371 | B82: 45371 | C82: =8700000+793000+30536000 -> 40029000 | F82: =SUM(Lembata!$C82:$E82) -> 40029000
A83: 45372 | B83: 45372 | C83: =894350+302144+97155 -> 1293649 | D83: =158000 -> 158000 | F83: =SUM(Lembata!$C83:$E83) -> 1451649
A84: 45373 | B84: 45373 | C84: =11200000+37648000+52000 -> 48900000 | F84: =SUM(Lembata!$C84:$E84) -> 48900000
A85: 45374 | B85: 45374 | C85: =134000+44000 -> 178000 | D85: =1280000 -> 1280000 | F85: =SUM(Lembata!$C85:$E85) -> 1458000
A86: 45375 | B86: 45375 | F86: =SUM(Lembata!$C86:$E86) -> 0
A87: 45376 | B87: 45376 | C87: =33938500+857000+265500+265404 -> 35326404 | F87: =SUM(Lembata!$C87:$E87) -> 35326404
A88: 45377 | B88: 45377 | C88: =6820000 -> 6820000 | D88: =1434+21326500+247000 -> 21574934 | E88: 247K BNI | F88: =SUM(Lembata!$C88:$E88) -> 28394934
A89: 45378 | B89: 45378 | C89: =490343+268830 -> 759173 | F89: =SUM(Lembata!$C89:$E89) -> 759173
A90: 45379 | B90: 45379 | C90: =264000+273360+275910+38655000 -> 39468270 | F90: =SUM(Lembata!$C90:$E90) -> 39468270
A91: 45380 | B91: 45380 | C91: =29000000+1541000 -> 30541000 | F91: =SUM(Lembata!$C91:$E91) -> 30541000
A92: 45381 | B92: 45381 | F92: =SUM(Lembata!$C92:$E92) -> 0
A93: 45382 | B93: 45382 | F93: =SUM(Lembata!$C93:$E93) -> 0
A94: 45383 | B94: 45383 | C94: =29260000+15649500+327930 -> 45237430 | D94: =275000+177000 -> 452000 | F94: =SUM(Lembata!$C94:$E94) -> 45689430
A95: 45384 | B95: 45384 | C95: =123265+154020+115525+170000 -> 562810 | D95: =115260+270000 -> 385260 | F95: =SUM(Lembata!$C95:$E95) -> 948070
A96: 45385 | B96: 45385 | C96: =39314000+398000+541775+456558 -> 40710333 | F96: =SUM(Lembata!$C96:$E96) -> 40710333
A97: 45386 | B97: 45386 | C97: =1685000+832000+171000+281000 -> 2969000 | D97: =1091013 -> 1091013 | F97: =SUM(Lembata!$C97:$E97) -> 4060013
A98: 45387 | B98: 45387 | C98: =21870000+6988000+396594+1492000+26000+321000 -> 31093594 | D98: =46377000 -> 46377000 | F98: =SUM(Lembata!$C98:$E98) -> 77470594
A99: 45388 | B99: 45388 | C99: =76000+107000+403000 -> 586000 | F99: =SUM(Lembata!$C99:$E99) -> 586000
A100: 45389 | B100: 45389 | D100: =300000 -> 300000 | F100: =SUM(Lembata!$C100:$E100) -> 300000
...

Sheet Mbay
A1: TOTAL | C1: SETORAN BANK | F1: =SUBTOTAL(9,F3:F368) -> 268112919
A2: Hari | B2: Tanggal | C2: BRI | D2: BNI | E2: LAINNYA | F2: TOTAL SETORAN
A3: 45292 | B3: 45292 | F3: =SUM(Mbay!$C3:$E3) -> 0
A4: 45293 | B4: 45293 | F4: =SUM(Mbay!$C4:$E4) -> 0
A5: 45294 | B5: 45294 | C5: =91000+291200+265000+79000 -> 726200 | F5: =SUM(Mbay!$C5:$E5) -> 726200
A6: 45295 | B6: 45295 | D6: =195000 -> 195000 | F6: =SUM(Mbay!$C6:$E6) -> 195000
A7: 45296 | B7: 45296 | C7: =197000 -> 197000 | D7: =4064000+7489000 -> 11553000 | F7: =SUM(Mbay!$C7:$E7) -> 11750000
A8: 45297 | B8: 45297 | F8: =SUM(Mbay!$C8:$E8) -> 0
A9: 45298 | B9: 45298 | F9: =SUM(Mbay!$C9:$E9) -> 0
A10: 45299 | B10: 45299 | C10: =26000 -> 26000 | F10: =SUM(Mbay!$C10:$E10) -> 26000
A11: 45300 | B11: 45300 | C11: =104000 -> 104000 | D11: =10009000 -> 10009000 | F11: =SUM(Mbay!$C11:$E11) -> 10113000
A12: 45301 | B12: 45301 | C12: =294000+763000 -> 1057000 | F12: =SUM(Mbay!$C12:$E12) -> 1057000
A13: 45302 | B13: 45302 | F13: =SUM(Mbay!$C13:$E13) -> 0
A14: 45303 | B14: 45303 | C14: =241000 -> 241000 | D14: =5418000 -> 5418000 | F14: =SUM(Mbay!$C14:$E14) -> 5659000
A15: 45304 | B15: 45304 | C15: =150000+26000 -> 176000 | F15: =SUM(Mbay!$C15:$E15) -> 176000
A16: 45305 | B16: 45305 | F16: =SUM(Mbay!$C16:$E16) -> 0
A17: 45306 | B17: 45306 | C17: =440000+158000 -> 598000 | F17: =SUM(Mbay!$C17:$E17) -> 598000
A18: 45307 | B18: 45307 | C18: =316000 -> 316000 | D18: =3409000 -> 3409000 | F18: =SUM(Mbay!$C18:$E18) -> 3725000
A19: 45308 | B19: 45308 | C19: =850000 -> 850000 | F19: =SUM(Mbay!$C19:$E19) -> 850000
A20: 45309 | B20: 45309 | F20: =SUM(Mbay!$C20:$E20) -> 0
A21: 45310 | B21: 45310 | D21: =6363000 -> 6363000 | F21: =SUM(Mbay!$C21:$E21) -> 6363000
A22: 45311 | B22: 45311 | C22: =347000 -> 347000 | F22: =SUM(Mbay!$C22:$E22) -> 347000
A23: 45312 | B23: 45312 | F23: =SUM(Mbay!$C23:$E23) -> 0
A24: 45313 | B24: 45313 | C24: =79000+488000 -> 567000 | F24: =SUM(Mbay!$C24:$E24) -> 567000
A25: 45314 | B25: 45314 | C25: =100000+381100+627000 -> 1108100 | D25: =7475000 -> 7475000 | F25: =SUM(Mbay!$C25:$E25) -> 8583100
A26: 45315 | B26: 45315 | C26: =262000+323000 -> 585000 | F26: =SUM(Mbay!$C26:$E26) -> 585000
A27: 45316 | B27: 45316 | C27: =237000+290000 -> 527000 | F27: =SUM(Mbay!$C27:$E27) -> 527000
A28: 45317 | B28: 45317 | D28: =5437000 -> 5437000 | F28: =SUM(Mbay!$C28:$E28) -> 5437000
A29: 45318 | B29: 45318 | F29: =SUM(Mbay!$C29:$E29) -> 0
A30: 45319 | B30: 45319 | F30: =SUM(Mbay!$C30:$E30) -> 0
A31: 45320 | B31: 45320 | C31: =79000 -> 79000 | F31: =SUM(Mbay!$C31:$E31) -> 79000
A32: 45321 | B32: 45321 | C32: =280000 -> 280000 | D32: =4225000 -> 4225000 | F32: =SUM(Mbay!$C32:$E32) -> 4505000
A33: 45322 | B33: 45322 | F33: =SUM(Mbay!$C33:$E33) -> 0
A34: 45323 | B34: 45323 | C34: =292000+26000 -> 318000 | F34: =SUM(Mbay!$C34:$E34) -> 318000
A35: 45324 | B35: 45324 | C35: =269000+300000+26000 -> 595000 | D35: =3876000 -> 3876000 | F35: =SUM(Mbay!$C35:$E35) -> 4471000
A36: 45325 | B36: 45325 | F36: =SUM(Mbay!$C36:$E36) -> 0
A37: 45326 | B37: 45326 | F37: =SUM(Mbay!$C37:$E37) -> 0
A38: 45327 | B38: 45327 | C38: =205000+832000 -> 1037000 | F38: =SUM(Mbay!$C38:$E38) -> 1037000
A39: 45328 | B39: 45328 | C39: =107000 -> 107000 | D39: =6988000 -> 6988000 | F39: =SUM(Mbay!$C39:$E39) -> 7095000
A40: 45329 | B40: 45329 | C40: =100000 -> 100000 | F40: =SUM(Mbay!$C40:$E40) -> 100000
A41: 45330 | B41: 45330 | F41: =SUM(Mbay!$C41:$E41) -> 0
A42: 45331 | B42: 45331 | C42: =500000+26000+158000+100000 -> 784000 | F42: =SUM(Mbay!$C42:$E42) -> 784000
A43: 45332 | B43: 45332 | F43: =SUM(Mbay!$C43:$E43) -> 0
A44: 45333 | B44: 45333 | F44: =SUM(Mbay!$C44:$E44) -> 0
A45: 45334 | B45: 45334 | C45: =340220 -> 340220 | F45: =SUM(Mbay!$C45:$E45) -> 340220
A46: 45335 | B46: 45335 | C46: =26000 -> 26000 | D46: =5219000 -> 5219000 | F46: =SUM(Mbay!$C46:$E46) -> 5245000
A47: 45336 | B47: 45336 | F47: =SUM(Mbay!$C47:$E47) -> 0
A48: 45337 | B48: 45337 | C48: =207000 -> 207000 | F48: =SUM(Mbay!$C48:$E48) -> 207000
A49: 45338 | B49: 45338 | D49: =2084000 -> 2084000 | F49: =SUM(Mbay!$C49:$E49) -> 2084000
A50: 45339 | B50: 45339 | C50: =300000+200000 -> 500000 | F50: =SUM(Mbay!$C50:$E50) -> 500000
A51: 45340 | B51: 45340 | F51: =SUM(Mbay!$C51:$E51) -> 0
A52: 45341 | B52: 45341 | C52: =26000+440000 -> 466000 | F52: =SUM(Mbay!$C52:$E52) -> 466000
A53: 45342 | B53: 45342 | D53: =6492000 -> 6492000 | F53: =SUM(Mbay!$C53:$E53) -> 6492000
A54: 45343 | B54: 45343 | C54: =98000+536000 -> 634000 | F54: =SUM(Mbay!$C54:$E54) -> 634000
A55: 45344 | B55: 45344 | C55: =179000 -> 179000 | F55: =SUM(Mbay!$C55:$E55) -> 179000
A56: 45345 | B56: 45345 | D56: =11081000 -> 11081000 | F56: =SUM(Mbay!$C56:$E56) -> 11081000
A57: 45346 | B57: 45346 | C57: =26000+21000 -> 47000 | F57: =SUM(Mbay!$C57:$E57) -> 47000
A58: 45347 | B58: 45347 | F58: =SUM(Mbay!$C58:$E58) -> 0
A59: 45348 | B59: 45348 | C59: =286000 -> 286000 | F59: =SUM(Mbay!$C59:$E59) -> 286000
A60: 45349 | B60: 45349 | C60: =1350000 -> 1350000 | D60: =7671000 -> 7671000 | F60: =SUM(Mbay!$C60:$E60) -> 9021000
A61: 45350 | B61: 45350 | C61: =51000+294006+159000 -> 504006 | F61: =SUM(Mbay!$C61:$E61) -> 504006
A62: 45351 | B62: 45351 | C62: =1126000+225000 -> 1351000 | F62: =SUM(Mbay!$C62:$E62) -> 1351000
A63: 45352 | B63: 45352 | C63: =80000 -> 80000 | D63: =1216000 -> 1216000 | F63: =SUM(Mbay!$C63:$E63) -> 1296000
A64: 45353 | B64: 45353 | F64: =SUM(Mbay!$C64:$E64) -> 0
A65: 45354 | B65: 45354 | F65: =SUM(Mbay!$C65:$E65) -> 0
A66: 45355 | B66: 45355 | F66: =SUM(Mbay!$C66:$E66) -> 0
A67: 45356 | B67: 45356 | C67: =160000+535000 -> 695000 | D67: =3061000 -> 3061000 | F67: =SUM(Mbay!$C67:$E67) -> 3756000
A68: 45357 | B68: 45357 | C68: =80000+52000 -> 132000 | F68: =SUM(Mbay!$C68:$E68) -> 132000
A69: 45358 | B69: 45358 | F69: =SUM(Mbay!$C69:$E69) -> 0
A70: 45359 | B70: 45359 | C70: =51000 -> 51000 | D70: =4693000 -> 4693000 | F70: =SUM(Mbay!$C70:$E70) -> 4744000
A71: 45360 | B71: 45360 | C71: =110000+51000+279000 -> 440000 | F71: =SUM(Mbay!$C71:$E71) -> 440000
A72: 45361 | B72: 45361 | F72: =SUM(Mbay!$C72:$E72) -> 0
A73: 45362 | B73: 45362 | F73: =SUM(Mbay!$C73:$E73) -> 0
A74: 45363 | B74: 45363 | C74: 79000 | F74: =SUM(Mbay!$C74:$E74) -> 79000
A75: 45364 | B75: 45364 | C75: =325000+505000+337000+80000+26000 -> 1273000 | D75: =3216000 -> 3216000 | F75: =SUM(Mbay!$C75:$E75) -> 4489000
A76: 45365 | B76: 45365 | C76: =51000 -> 51000 | F76: =SUM(Mbay!$C76:$E76) -> 51000
A77: 45366 | B77: 45366 | D77: =4417000 -> 4417000 | F77: =SUM(Mbay!$C77:$E77) -> 4417000
A78: 45367 | B78: 45367 | F78: =SUM(Mbay!$C78:$E78) -> 0
A79: 45368 | B79: 45368 | F79: =SUM(Mbay!$C79:$E79) -> 0
A80: 45369 | B80: 45369 | C80: =213000+26000+474350+347550+286000+280000+149000+725507 -> 2501407 | F80: =SUM(Mbay!$C80:$E80) -> 2501407
A81: 45370 | B81: 45370 | D81: =3589000 -> 3589000 | F81: =SUM(Mbay!$C81:$E81) -> 3589000
A82: 45371 | B82: 45371 | C82: =489730 -> 489730 | F82: =SUM(Mbay!$C82:$E82) -> 489730
A83: 45372 | B83: 45372 | C83: =102000 -> 102000 | F83: =SUM(Mbay!$C83:$E83) -> 102000
A84: 45373 | B84: 45373 | C84: =215000+240000 -> 455000 | D84: =4062000 -> 4062000 | F84: =SUM(Mbay!$C84:$E84) -> 4517000
A85: 45374 | B85: 45374 | C85: =26000 -> 26000 | F85: =SUM(Mbay!$C85:$E85) -> 26000
A86: 45375 | B86: 45375 | F86: =SUM(Mbay!$C86:$E86) -> 0
A87: 45376 | B87: 45376 | C87: =220000+290000 -> 510000 | F87: =SUM(Mbay!$C87:$E87) -> 510000
A88: 45377 | B88: 45377 | C88: =3076000 -> 3076000 | F88: =SUM(Mbay!$C88:$E88) -> 3076000
A89: 45378 | B89: 45378 | C89: =26000+76000+294000 -> 396000 | F89: =SUM(Mbay!$C89:$E89) -> 396000
A90: 45379 | B90: 45379 | C90: =102000 -> 102000 | F90: =SUM(Mbay!$C90:$E90) -> 102000
A91: 45380 | B91: 45380 | F91: =SUM(Mbay!$C91:$E91) -> 0
A92: 45381 | B92: 45381 | D92: =26000 -> 26000 | F92: =SUM(Mbay!$C92:$E92) -> 26000
A93: 45382 | B93: 45382 | F93: =SUM(Mbay!$C93:$E93) -> 0
A94: 45383 | B94: 45383 | C94: =80000+155000+241900 -> 476900 | F94: =SUM(Mbay!$C94:$E94) -> 476900
A95: 45384 | B95: 45384 | C95: =8078000+1524000 -> 9602000 | F95: =SUM(Mbay!$C95:$E95) -> 9602000
A96: 45385 | B96: 45385 | C96: =374291+205000 -> 579291 | F96: =SUM(Mbay!$C96:$E96) -> 579291
A97: 45386 | B97: 45386 | F97: =SUM(Mbay!$C97:$E97) -> 0
A98: 45387 | B98: 45387 | C98: =9779000+94000 -> 9873000 | D98: 94k | F98: =SUM(Mbay!$C98:$E98) -> 9873000
A99: 45388 | B99: 45388 | C99: =266000+253000 -> 519000 | F99: =SUM(Mbay!$C99:$E99) -> 519000
A100: 45389 | B100: 45389 | F100: =SUM(Mbay!$C100:$E100) -> 0
...

Sheet Ruteng
A1: TOTAL | C1: SETORAN BANK | G1: =SUBTOTAL(9,G3:G368) -> 747382852
A2: Hari | B2: Tanggal | C2: BRI | D2: BNI | E2: BCA | F2: LAINNYA | G2: TOTAL SETORAN
A3: 45292 | B3: 45292 | G3: =SUM(Ruteng!$C3:$F3) -> 0
A4: 45293 | B4: 45293 | G4: =SUM(Ruteng!$C4:$F4) -> 0
A5: 45294 | B5: 45294 | E5: =11156725 -> 11156725 | G5: =SUM(Ruteng!$C5:$F5) -> 11156725
A6: 45295 | B6: 45295 | G6: =SUM(Ruteng!$C6:$F6) -> 0
A7: 45296 | B7: 45296 | E7: =16084745 -> 16084745 | G7: =SUM(Ruteng!$C7:$F7) -> 16084745
A8: 45297 | B8: 45297 | G8: =SUM(Ruteng!$C8:$F8) -> 0
A9: 45298 | B9: 45298 | G9: =SUM(Ruteng!$C9:$F9) -> 0
A10: 45299 | B10: 45299 | G10: =SUM(Ruteng!$C10:$F10) -> 0
A11: 45300 | B11: 45300 | E11: 18373922 | G11: =SUM(Ruteng!$C11:$F11) -> 18373922
A12: 45301 | B12: 45301 | G12: =SUM(Ruteng!$C12:$F12) -> 0
A13: 45302 | B13: 45302 | G13: =SUM(Ruteng!$C13:$F13) -> 0
A14: 45303 | B14: 45303 | E14: 14682910 | G14: =SUM(Ruteng!$C14:$F14) -> 14682910
A15: 45304 | B15: 45304 | G15: =SUM(Ruteng!$C15:$F15) -> 0
A16: 45305 | B16: 45305 | G16: =SUM(Ruteng!$C16:$F16) -> 0
A17: 45306 | B17: 45306 | G17: =SUM(Ruteng!$C17:$F17) -> 0
A18: 45307 | B18: 45307 | E18: =15864060 -> 15864060 | G18: =SUM(Ruteng!$C18:$F18) -> 15864060
A19: 45308 | B19: 45308 | G19: =SUM(Ruteng!$C19:$F19) -> 0
A20: 45309 | B20: 45309 | G20: =SUM(Ruteng!$C20:$F20) -> 0
A21: 45310 | B21: 45310 | E21: =16286724 -> 16286724 | G21: =SUM(Ruteng!$C21:$F21) -> 16286724
A22: 45311 | B22: 45311 | G22: =SUM(Ruteng!$C22:$F22) -> 0
A23: 45312 | B23: 45312 | G23: =SUM(Ruteng!$C23:$F23) -> 0
A24: 45313 | B24: 45313 | G24: =SUM(Ruteng!$C24:$F24) -> 0
A25: 45314 | B25: 45314 | G25: =SUM(Ruteng!$C25:$F25) -> 0
A26: 45315 | B26: 45315 | E26: =20605321 -> 20605321 | G26: =SUM(Ruteng!$C26:$F26) -> 20605321
A27: 45316 | B27: 45316 | G27: =SUM(Ruteng!$C27:$F27) -> 0
A28: 45317 | B28: 45317 | E28: =17957932 -> 17957932 | G28: =SUM(Ruteng!$C28:$F28) -> 17957932
A29: 45318 | B29: 45318 | G29: =SUM(Ruteng!$C29:$F29) -> 0
A30: 45319 | B30: 45319 | G30: =SUM(Ruteng!$C30:$F30) -> 0
A31: 45320 | B31: 45320 | G31: =SUM(Ruteng!$C31:$F31) -> 0
A32: 45321 | B32: 45321 | E32: =21527556 -> 21527556 | G32: =SUM(Ruteng!$C32:$F32) -> 21527556
A33: 45322 | B33: 45322 | G33: =SUM(Ruteng!$C33:$F33) -> 0
A34: 45323 | B34: 45323 | G34: =SUM(Ruteng!$C34:$F34) -> 0
A35: 45324 | B35: 45324 | G35: =SUM(Ruteng!$C35:$F35) -> 0
A36: 45325 | B36: 45325 | E36: =18588479 -> 18588479 | G36: =SUM(Ruteng!$C36:$F36) -> 18588479
A37: 45326 | B37: 45326 | G37: =SUM(Ruteng!$C37:$F37) -> 0
A38: 45327 | B38: 45327 | G38: =SUM(Ruteng!$C38:$F38) -> 0
A39: 45328 | B39: 45328 | E39: =19232447 -> 19232447 | G39: =SUM(Ruteng!$C39:$F39) -> 19232447
A40: 45329 | B40: 45329 | G40: =SUM(Ruteng!$C40:$F40) -> 0
A41: 45330 | B41: 45330 | G41: =SUM(Ruteng!$C41:$F41) -> 0
A42: 45331 | B42: 45331 | G42: =SUM(Ruteng!$C42:$F42) -> 0
A43: 45332 | B43: 45332 | G43: =SUM(Ruteng!$C43:$F43) -> 0
A44: 45333 | B44: 45333 | G44: =SUM(Ruteng!$C44:$F44) -> 0
A45: 45334 | B45: 45334 | E45: =13775086 -> 13775086 | G45: =SUM(Ruteng!$C45:$F45) -> 13775086
A46: 45335 | B46: 45335 | G46: =SUM(Ruteng!$C46:$F46) -> 0
A47: 45336 | B47: 45336 | G47: =SUM(Ruteng!$C47:$F47) -> 0
A48: 45337 | B48: 45337 | G48: =SUM(Ruteng!$C48:$F48) -> 0
A49: 45338 | B49: 45338 | G49: =SUM(Ruteng!$C49:$F49) -> 0
A50: 45339 | B50: 45339 | G50: =SUM(Ruteng!$C50:$F50) -> 0
A51: 45340 | B51: 45340 | G51: =SUM(Ruteng!$C51:$F51) -> 0
A52: 45341 | B52: 45341 | E52: =24323406 -> 24323406 | G52: =SUM(Ruteng!$C52:$F52) -> 24323406
A53: 45342 | B53: 45342 | G53: =SUM(Ruteng!$C53:$F53) -> 0
A54: 45343 | B54: 45343 | G54: =SUM(Ruteng!$C54:$F54) -> 0
A55: 45344 | B55: 45344 | G55: =SUM(Ruteng!$C55:$F55) -> 0
A56: 45345 | B56: 45345 | E56: =18847699 -> 18847699 | G56: =SUM(Ruteng!$C56:$F56) -> 18847699
A57: 45346 | B57: 45346 | G57: =SUM(Ruteng!$C57:$F57) -> 0
A58: 45347 | B58: 45347 | G58: =SUM(Ruteng!$C58:$F58) -> 0
A59: 45348 | B59: 45348 | G59: =SUM(Ruteng!$C59:$F59) -> 0
A60: 45349 | B60: 45349 | E60: =16850820 -> 16850820 | G60: =SUM(Ruteng!$C60:$F60) -> 16850820
A61: 45350 | B61: 45350 | G61: =SUM(Ruteng!$C61:$F61) -> 0
A62: 45351 | B62: 45351 | G62: =SUM(Ruteng!$C62:$F62) -> 0
A63: 45352 | B63: 45352 | E63: 17998428 | G63: =SUM(Ruteng!$C63:$F63) -> 17998428
A64: 45353 | B64: 45353 | G64: =SUM(Ruteng!$C64:$F64) -> 0
A65: 45354 | B65: 45354 | G65: =SUM(Ruteng!$C65:$F65) -> 0
A66: 45355 | B66: 45355 | G66: =SUM(Ruteng!$C66:$F66) -> 0
A67: 45356 | B67: 45356 | G67: =SUM(Ruteng!$C67:$F67) -> 0
A68: 45357 | B68: 45357 | E68: =13552818 -> 13552818 | G68: =SUM(Ruteng!$C68:$F68) -> 13552818
A69: 45358 | B69: 45358 | G69: =SUM(Ruteng!$C69:$F69) -> 0
A70: 45359 | B70: 45359 | E70: =9223992 -> 9223992 | G70: =SUM(Ruteng!$C70:$F70) -> 9223992
A71: 45360 | B71: 45360 | G71: =SUM(Ruteng!$C71:$F71) -> 0
A72: 45361 | B72: 45361 | G72: =SUM(Ruteng!$C72:$F72) -> 0
A73: 45362 | B73: 45362 | G73: =SUM(Ruteng!$C73:$F73) -> 0
A74: 45363 | B74: 45363 | G74: =SUM(Ruteng!$C74:$F74) -> 0
A75: 45364 | B75: 45364 | E75: 14025676 | G75: =SUM(Ruteng!$C75:$F75) -> 14025676
A76: 45365 | B76: 45365 | G76: =SUM(Ruteng!$C76:$F76) -> 0
A77: 45366 | B77: 45366 | E77: =10629978 -> 10629978 | G77: =SUM(Ruteng!$C77:$F77) -> 10629978
A78: 45367 | B78: 45367 | G78: =SUM(Ruteng!$C78:$F78) -> 0
A79: 45368 | B79: 45368 | G79: =SUM(Ruteng!$C79:$F79) -> 0
A80: 45369 | B80: 45369 | E80: =8788587 -> 8788587 | G80: =SUM(Ruteng!$C80:$F80) -> 8788587
A81: 45370 | B81: 45370 | G81: =SUM(Ruteng!$C81:$F81) -> 0
A82: 45371 | B82: 45371 | G82: =SUM(Ruteng!$C82:$F82) -> 0
A83: 45372 | B83: 45372 | G83: =SUM(Ruteng!$C83:$F83) -> 0
A84: 45373 | B84: 45373 | E84: =19179484+634000 -> 19813484 | G84: =SUM(Ruteng!$C84:$F84) -> 19813484
A85: 45374 | B85: 45374 | G85: =SUM(Ruteng!$C85:$F85) -> 0
A86: 45375 | B86: 45375 | G86: =SUM(Ruteng!$C86:$F86) -> 0
A87: 45376 | B87: 45376 | G87: =SUM(Ruteng!$C87:$F87) -> 0
A88: 45377 | B88: 45377 | E88: 12702391 | G88: =SUM(Ruteng!$C88:$F88) -> 12702391
A89: 45378 | B89: 45378 | G89: =SUM(Ruteng!$C89:$F89) -> 0
A90: 45379 | B90: 45379 | G90: =SUM(Ruteng!$C90:$F90) -> 0
A91: 45380 | B91: 45380 | G91: =SUM(Ruteng!$C91:$F91) -> 0
A92: 45381 | B92: 45381 | G92: =SUM(Ruteng!$C92:$F92) -> 0
A93: 45382 | B93: 45382 | G93: =SUM(Ruteng!$C93:$F93) -> 0
A94: 45383 | B94: 45383 | G94: =SUM(Ruteng!$C94:$F94) -> 0
A95: 45384 | B95: 45384 | E95: =21762014 -> 21762014 | G95: =SUM(Ruteng!$C95:$F95) -> 21762014
A96: 45385 | B96: 45385 | G96: =SUM(Ruteng!$C96:$F96) -> 0
A97: 45386 | B97: 45386 | G97: =SUM(Ruteng!$C97:$F97) -> 0
A98: 45387 | B98: 45387 | E98: =11908105+165000 -> 12073105 | G98: =SUM(Ruteng!$C98:$F98) -> 12073105
A99: 45388 | B99: 45388 | G99: =SUM(Ruteng!$C99:$F99) -> 0
A100: 45389 | B100: 45389 | G100: =SUM(Ruteng!$C100:$F100) -> 0
...

Sheet Larantuka
A1: TOTAL | C1: SETORAN BANK | G1: =SUBTOTAL(9,G3:G368) -> 3395203013
A2: Hari | B2: Tanggal | C2: BRI | D2: BNI | E2: LAINNYA | F2: Pemakaian COD | G2: TOTAL SETORAN
A3: 45292 | B3: 45292 | G3: =SUM(Larantuka!$C3:$F3) -> 0
A4: 45293 | B4: 45293 | C4: =730000 -> 730000 | D4: =262000+163928 -> 425928 | F4: 1775000 | G4: =SUM(Larantuka!$C4:$F4) -> 2930928
A5: 45294 | B5: 45294 | C5: =44589000+24848303+415000+127000+200000+590000 -> 70769303 | D5: =287000+200000 -> 487000 | F5: =600000 -> 600000 | G5: =SUM(Larantuka!$C5:$F5) -> 71856303
A6: 45295 | B6: 45295 | C6: =196000 -> 196000 | D6: =113000+217000+290000 -> 620000 | F6: =2750000 -> 2750000 | G6: =SUM(Larantuka!$C6:$F6) -> 3566000
A7: 45296 | B7: 45296 | G7: =SUM(Larantuka!$C7:$F7) -> 0
A8: 45297 | B8: 45297 | C8: =295000+181000+101075 -> 577075 | F8: 500000 | G8: =SUM(Larantuka!$C8:$F8) -> 1077075
A9: 45298 | B9: 45298 | C9: =26000+339000 -> 365000 | D9: =582000 -> 582000 | G9: =SUM(Larantuka!$C9:$F9) -> 947000
A10: 45299 | B10: 45299 | C10: =38837000+300000 -> 39137000 | F10: 1500000 | G10: =SUM(Larantuka!$C10:$F10) -> 40637000
A11: 45300 | B11: 45300 | C11: =49828000+256000+15688070 -> 65772070 | E11: 391000 | G11: =SUM(Larantuka!$C11:$F11) -> 66163070
A12: 45301 | B12: 45301 | C12: =181000+98000 -> 279000 | F12: 500000 | G12: =SUM(Larantuka!$C12:$F12) -> 779000
A13: 45302 | B13: 45302 | C13: =528000+13533000+500000 -> 14561000 | G13: =SUM(Larantuka!$C13:$F13) -> 14561000
A14: 45303 | B14: 45303 | D14: =1458500+131000+372000 -> 1961500 | G14: =SUM(Larantuka!$C14:$F14) -> 1961500
A15: 45304 | B15: 45304 | C15: =580000+480000+292450+269000+14439000+630000 -> 16690450 | G15: =SUM(Larantuka!$C15:$F15) -> 16690450
A16: 45305 | B16: 45305 | C16: =231000 -> 231000 | G16: =SUM(Larantuka!$C16:$F16) -> 231000
A17: 45306 | B17: 45306 | C17: =36000+285000 -> 321000 | D17: =221000+120000 -> 341000 | F17: =4141000 -> 4141000 | G17: =SUM(Larantuka!$C17:$F17) -> 4803000
A18: 45307 | B18: 45307 | C18: =61098000+256669+18851047+126782+100000+303965 -> 80736463 | F18: 400000 | G18: =SUM(Larantuka!$C18:$F18) -> 81136463
A19: 45308 | B19: 45308 | C19: =228990 -> 228990 | F19: 2513000 | G19: =SUM(Larantuka!$C19:$F19) -> 2741990
A20: 45309 | B20: 45309 | C20: =50000+179500 -> 229500 | F20: 475000 | G20: =SUM(Larantuka!$C20:$F20) -> 704500
A21: 45310 | B21: 45310 | C21: =29124000+37292430+42028365 -> 108444795 | F21: 1500000 | G21: =SUM(Larantuka!$C21:$F21) -> 109944795
A22: 45311 | B22: 45311 | C22: =59000+26000+155000 -> 240000 | F22: 1535000 | G22: =SUM(Larantuka!$C22:$F22) -> 1775000
A23: 45312 | B23: 45312 | C23: =140000+180428+152184 -> 472612 | G23: =SUM(Larantuka!$C23:$F23) -> 472612
A24: 45313 | B24: 45313 | C24: =20000+500000+50000 -> 570000 | D24: =950500 -> 950500 | F24: =1225000 -> 1225000 | G24: =SUM(Larantuka!$C24:$F24) -> 2745500
A25: 45314 | B25: 45314 | C25: =44555500+103000 -> 44658500 | D25: =298980 -> 298980 | F25: 800000 | G25: =SUM(Larantuka!$C25:$F25) -> 45757480
A26: 45315 | B26: 45315 | G26: =SUM(Larantuka!$C26:$F26) -> 0
A27: 45316 | B27: 45316 | C27: =10236000+10351209+398000 -> 20985209 | F27: 1445000 | G27: =SUM(Larantuka!$C27:$F27) -> 22430209
A28: 45317 | B28: 45317 | C28: =373000+72000 -> 445000 | F28: =1070000 -> 1070000 | G28: =SUM(Larantuka!$C28:$F28) -> 1515000
A29: 45318 | B29: 45318 | C29: =50000+26000 -> 76000 | D29: =843000 -> 843000 | F29: 585000 | G29: =SUM(Larantuka!$C29:$F29) -> 1504000
A30: 45319 | B30: 45319 | C30: =314000 -> 314000 | G30: =SUM(Larantuka!$C30:$F30) -> 314000
A31: 45320 | B31: 45320 | C31: =46334500 -> 46334500 | F31: 2017000 | G31: =SUM(Larantuka!$C31:$F31) -> 48351500
A32: 45321 | B32: 45321 | C32: =272156+96000 -> 368156 | D32: =313120 -> 313120 | F32: 1300000 | G32: =SUM(Larantuka!$C32:$F32) -> 1981276
A33: 45322 | B33: 45322 | C33: =20000+190000 -> 210000 | F33: 585000 | G33: =SUM(Larantuka!$C33:$F33) -> 795000
A34: 45323 | B34: 45323 | C34: =26000 -> 26000 | D34: =100000 -> 100000 | F34: 1027000 | G34: =SUM(Larantuka!$C34:$F34) -> 1153000
A35: 45324 | B35: 45324 | C35: =40781000+23925098+23466891 -> 88172989 | F35: 900000 | G35: =SUM(Larantuka!$C35:$F35) -> 89072989
A36: 45325 | B36: 45325 | C36: =140000+31000 -> 171000 | F36: =800000 -> 800000 | G36: =SUM(Larantuka!$C36:$F36) -> 971000
A37: 45326 | B37: 45326 | C37: =87000 -> 87000 | G37: =SUM(Larantuka!$C37:$F37) -> 87000
A38: 45327 | B38: 45327 | C38: =250000+200000+14018000 -> 14468000 | D38: =258000 -> 258000 | F38: =1480000 -> 1480000 | G38: =SUM(Larantuka!$C38:$F38) -> 16206000
A39: 45328 | B39: 45328 | C39: =23780958+122000+21940053+41812500 -> 87655511 | D39: =271000 -> 271000 | G39: =SUM(Larantuka!$C39:$F39) -> 87926511
A40: 45329 | B40: 45329 | C40: =26000+97500 -> 123500 | F40: 490000 | G40: =SUM(Larantuka!$C40:$F40) -> 613500
A41: 45330 | B41: 45330 | C41: =885500 -> 885500 | G41: =SUM(Larantuka!$C41:$F41) -> 885500
A42: 45331 | B42: 45331 | C42: =157171+171000+139000+29000+150000+25000+150000 -> 821171 | F42: 2000000 | G42: =SUM(Larantuka!$C42:$F42) -> 2821171
A43: 45332 | B43: 45332 | C43: =550500 -> 550500 | G43: =SUM(Larantuka!$C43:$F43) -> 550500
A44: 45333 | B44: 45333 | G44: =SUM(Larantuka!$C44:$F44) -> 0
A45: 45334 | B45: 45334 | C45: =60341500+345765 -> 60687265 | F45: 1790000 | G45: =SUM(Larantuka!$C45:$F45) -> 62477265
A46: 45335 | B46: 45335 | C46: =12865000+30000+292000+137000 -> 13324000 | D46: =151000+251000 -> 402000 | F46: 1000000 | G46: =SUM(Larantuka!$C46:$F46) -> 14726000
A47: 45336 | B47: 45336 | F47: 600000 | G47: =SUM(Larantuka!$C47:$F47) -> 600000
A48: 45337 | B48: 45337 | F48: 2000000 | G48: =SUM(Larantuka!$C48:$F48) -> 2000000
A49: 45338 | B49: 45338 | C49: =45848500+100000+10872610+409000+96000+197000+191000+21000 -> 57735110 | G49: =SUM(Larantuka!$C49:$F49) -> 57735110
A50: 45339 | B50: 45339 | C50: =213000+429000 -> 642000 | D50: =173000 -> 173000 | F50: =500000 -> 500000 | G50: =SUM(Larantuka!$C50:$F50) -> 1315000
A51: 45340 | B51: 45340 | G51: =SUM(Larantuka!$C51:$F51) -> 0
A52: 45341 | B52: 45341 | C52: =39778000+19797000+22177704+17356527+232000+268000+76000 -> 99685231 | F52: =1935000 -> 1935000 | G52: =SUM(Larantuka!$C52:$F52) -> 101620231
A53: 45342 | B53: 45342 | C53: =159500+197000 -> 356500 | D53: =792000 -> 792000 | F53: =600000 -> 600000 | G53: =SUM(Larantuka!$C53:$F53) -> 1748500
A54: 45343 | B54: 45343 | C54: =21395500+199410+117000+511000+167000 -> 22389910 | D54: =235870 -> 235870 | F54: 1401000 | G54: =SUM(Larantuka!$C54:$F54) -> 24026780
A55: 45344 | B55: 45344 | C55: =345000+253000 -> 598000 | F55: 1350000 | G55: =SUM(Larantuka!$C55:$F55) -> 1948000
A56: 45345 | B56: 45345 | C56: =19601000+11155224+19463930+21000 -> 50241154 | F56: 1300000 | G56: =SUM(Larantuka!$C56:$F56) -> 51541154
A57: 45346 | B57: 45346 | C57: =157182 -> 157182 | F57: 1335000 | G57: =SUM(Larantuka!$C57:$F57) -> 1492182
A58: 45347 | B58: 45347 | C58: =25000 -> 25000 | G58: =SUM(Larantuka!$C58:$F58) -> 25000
A59: 45348 | B59: 45348 | C59: =29494000 -> 29494000 | F59: 2000000 | G59: =SUM(Larantuka!$C59:$F59) -> 31494000
A60: 45349 | B60: 45349 | C60: =13813265+137000+395000 -> 14345265 | D60: =524000 -> 524000 | F60: =3100000 -> 3100000 | G60: =SUM(Larantuka!$C60:$F60) -> 17969265
A61: 45350 | B61: 45350 | C61: =26333500+16141878+26000+16000 -> 42517378 | F61: 2025000 | G61: =SUM(Larantuka!$C61:$F61) -> 44542378
A62: 45351 | B62: 45351 | F62: =1280000 -> 1280000 | G62: =SUM(Larantuka!$C62:$F62) -> 1280000
A63: 45352 | B63: 45352 | C63: =15508000+7165000+110000+168000 -> 22951000 | F63: =4750000 -> 4750000 | G63: =SUM(Larantuka!$C63:$F63) -> 27701000
A64: 45353 | B64: 45353 | C64: =51000+26000 -> 77000 | F64: 975000 | G64: =SUM(Larantuka!$C64:$F64) -> 1052000
A65: 45354 | B65: 45354 | G65: =SUM(Larantuka!$C65:$F65) -> 0
A66: 45355 | B66: 45355 | C66: =24931500+9104124+6578937+695000+103000 -> 41412561 | F66: 1800000 | G66: =SUM(Larantuka!$C66:$F66) -> 43212561
A67: 45356 | B67: 45356 | C67: =1996500+190055 -> 2186555 | F67: 2107500 | G67: =SUM(Larantuka!$C67:$F67) -> 4294055
A68: 45357 | B68: 45357 | C68: =42688500+8055759+1122500+111000+275500+1451000+289475 -> 53993734 | D68: =242000 -> 242000 | F68: 1000000 | G68: =SUM(Larantuka!$C68:$F68) -> 55235734
A69: 45358 | B69: 45358 | C69: =21000+170000+306000+1115835+283000 -> 1895835 | D69: =122000 -> 122000 | F69: 757000 | G69: =SUM(Larantuka!$C69:$F69) -> 2774835
A70: 45359 | B70: 45359 | C70: =20721000+15794507+13634204+182000+343665 -> 50675376 | D70: =76000 -> 76000 | F70: 1250000 | G70: =SUM(Larantuka!$C70:$F70) -> 52001376
A71: 45360 | B71: 45360 | C71: =246000+141784 -> 387784 | F71: 1015000 | G71: =SUM(Larantuka!$C71:$F71) -> 1402784
A72: 45361 | B72: 45361 | G72: =SUM(Larantuka!$C72:$F72) -> 0
A73: 45362 | B73: 45362 | C73: =95000+300000 -> 395000 | D73: =250000+220111 -> 470111 | G73: =SUM(Larantuka!$C73:$F73) -> 865111
A74: 45363 | B74: 45363 | C74: =2219500+250000+350000+188000 -> 3007500 | F74: 3000000 | G74: =SUM(Larantuka!$C74:$F74) -> 6007500
A75: 45364 | B75: 45364 | C75: =65191500+76000 -> 65267500 | F75: 400000 | G75: =SUM(Larantuka!$C75:$F75) -> 65667500
A76: 45365 | B76: 45365 | D76: =3829388 -> 3829388 | F76: 1400000 | G76: =SUM(Larantuka!$C76:$F76) -> 5229388
A77: 45366 | B77: 45366 | C77: =20433500+19498707 -> 39932207 | F77: 2000000 | G77: =SUM(Larantuka!$C77:$F77) -> 41932207
A78: 45367 | B78: 45367 | C78: =1000000+159000 -> 1159000 | F78: 1000000 | G78: =SUM(Larantuka!$C78:$F78) -> 2159000
A79: 45368 | B79: 45368 | C79: =26000 -> 26000 | G79: =SUM(Larantuka!$C79:$F79) -> 26000
A80: 45369 | B80: 45369 | C80: =28219000+95980+32337742+26000 -> 60678722 | D80: =202650 -> 202650 | E80: BRI 200k | F80: 2100000 | G80: =SUM(Larantuka!$C80:$F80) -> 62981372
A81: 45370 | B81: 45370 | C81: =125000+327420+748000+796000+210000 -> 2206420 | F81: 1000000 | G81: =SUM(Larantuka!$C81:$F81) -> 3206420
A82: 45371 | B82: 45371 | C82: =48949500+202000 -> 49151500 | D82: BRI 202k | F82: 600000 | G82: =SUM(Larantuka!$C82:$F82) -> 49751500
A83: 45372 | B83: 45372 | C83: =15764271+231642+66000 -> 16061913 | D83: BRI 231k dst | F83: 5000000 | G83: =SUM(Larantuka!$C83:$F83) -> 21061913
A84: 45373 | B84: 45373 | C84: =12165990+18919000+372500+150000+194000+273000 -> 32074490 | F84: 1150000 | G84: =SUM(Larantuka!$C84:$F84) -> 33224490
A85: 45374 | B85: 45374 | C85: =208284+115000+377196+187000 -> 887480 | D85: =481000 -> 481000 | G85: =SUM(Larantuka!$C85:$F85) -> 1368480
A86: 45375 | B86: 45375 | G86: =SUM(Larantuka!$C86:$F86) -> 0
A87: 45376 | B87: 45376 | C87: =164000+368000+179080 -> 711080 | F87: 3159000 | G87: =SUM(Larantuka!$C87:$F87) -> 3870080
A88: 45377 | B88: 45377 | C88: =59868500+21000+250000+106000+51000+285000+803520 -> 61385020 | D88: =123000 -> 123000 | E88: BRI 21k dst | F88: 670000 | G88: =SUM(Larantuka!$C88:$F88) -> 62178020
A89: 45378 | B89: 45378 | C89: =15852956+100000 -> 15952956 | E89: BRI 100k | F89: 1200000 | G89: =SUM(Larantuka!$C89:$F89) -> 17152956
A90: 45379 | B90: 45379 | C90: =33123500+23059460+190000 -> 56372960 | F90: 600000 | G90: =SUM(Larantuka!$C90:$F90) -> 56972960
A91: 45380 | B91: 45380 | G91: =SUM(Larantuka!$C91:$F91) -> 0
A92: 45381 | B92: 45381 | C92: =190000+131290+30000 -> 351290 | D92: =100000 -> 100000 | F92: 2000000 | G92: =SUM(Larantuka!$C92:$F92) -> 2451290
A93: 45382 | B93: 45382 | C93: =120773+625000 -> 745773 | G93: =SUM(Larantuka!$C93:$F93) -> 745773
A94: 45383 | B94: 45383 | C94: =28827500+13570100+379050+294500+95000+215000 -> 43381150 | F94: 935000 | G94: =SUM(Larantuka!$C94:$F94) -> 44316150
A95: 45384 | B95: 45384 | C95: =17327955+162000+139000+267000 -> 17895955 | F95: =1425000 -> 1425000 | G95: =SUM(Larantuka!$C95:$F95) -> 19320955
A96: 45385 | B96: 45385 | C96: =48206500+313500+9291509+137000+100000+159612 -> 58208121 | D96: =135000 -> 135000 | F96: =1250000 -> 1250000 | G96: =SUM(Larantuka!$C96:$F96) -> 59593121
A97: 45386 | B97: 45386 | C97: =406000+143092 -> 549092 | F97: 953000 | G97: =SUM(Larantuka!$C97:$F97) -> 1502092
A98: 45387 | B98: 45387 | C98: =31989500+418900+6662213 -> 39070613 | F98: 1500000 | G98: =SUM(Larantuka!$C98:$F98) -> 40570613
A99: 45388 | B99: 45388 | C99: =21163352+50000+164053+140000+400000 -> 21917405 | G99: =SUM(Larantuka!$C99:$F99) -> 21917405
A100: 45389 | B100: 45389 | C100: =137000+95000 -> 232000 | G100: =SUM(Larantuka!$C100:$F100) -> 232000
...

Sheet Bajawa
A1: TOTAL | C1: SETORAN BANK | F1: =SUBTOTAL(9,F3:F368) -> 1111329860
A2: Hari | B2: Tanggal | C2: BRI | D2: BNI | E2: LAINNYA | F2: TOTAL SETORAN
A3: 45292 | B3: 45292 | F3: =SUM(Bajawa!$C3:$E3) -> 0
A4: 45293 | B4: 45293 | F4: =SUM(Bajawa!$C4:$E4) -> 0
A5: 45294 | B5: 45294 | C5: =18505832 -> 18505832 | F5: =SUM(Bajawa!$C5:$E5) -> 18505832
A6: 45295 | B6: 45295 | F6: =SUM(Bajawa!$C6:$E6) -> 0
A7: 45296 | B7: 45296 | C7: 15538747 | F7: =SUM(Bajawa!$C7:$E7) -> 15538747
A8: 45297 | B8: 45297 | F8: =SUM(Bajawa!$C8:$E8) -> 0
A9: 45298 | B9: 45298 | F9: =SUM(Bajawa!$C9:$E9) -> 0
A10: 45299 | B10: 45299 | F10: =SUM(Bajawa!$C10:$E10) -> 0
A11: 45300 | B11: 45300 | C11: 26629176 | F11: =SUM(Bajawa!$C11:$E11) -> 26629176
A12: 45301 | B12: 45301 | F12: =SUM(Bajawa!$C12:$E12) -> 0
A13: 45302 | B13: 45302 | F13: =SUM(Bajawa!$C13:$E13) -> 0
A14: 45303 | B14: 45303 | C14: =388518+21162849 -> 21551367 | F14: =SUM(Bajawa!$C14:$E14) -> 21551367
A15: 45304 | B15: 45304 | F15: =SUM(Bajawa!$C15:$E15) -> 0
A16: 45305 | B16: 45305 | F16: =SUM(Bajawa!$C16:$E16) -> 0
A17: 45306 | B17: 45306 | C17: =5802422 -> 5802422 | F17: =SUM(Bajawa!$C17:$E17) -> 5802422
A18: 45307 | B18: 45307 | C18: =77000 -> 77000 | F18: =SUM(Bajawa!$C18:$E18) -> 77000
A19: 45308 | B19: 45308 | C19: =14061714 -> 14061714 | F19: =SUM(Bajawa!$C19:$E19) -> 14061714
A20: 45309 | B20: 45309 | F20: =SUM(Bajawa!$C20:$E20) -> 0
A21: 45310 | B21: 45310 | C21: =13628394 -> 13628394 | F21: =SUM(Bajawa!$C21:$E21) -> 13628394
A22: 45311 | B22: 45311 | F22: =SUM(Bajawa!$C22:$E22) -> 0
A23: 45312 | B23: 45312 | F23: =SUM(Bajawa!$C23:$E23) -> 0
A24: 45313 | B24: 45313 | F24: =SUM(Bajawa!$C24:$E24) -> 0
A25: 45314 | B25: 45314 | C25: =19634705 -> 19634705 | F25: =SUM(Bajawa!$C25:$E25) -> 19634705
A26: 45315 | B26: 45315 | F26: =SUM(Bajawa!$C26:$E26) -> 0
A27: 45316 | B27: 45316 | F27: =SUM(Bajawa!$C27:$E27) -> 0
A28: 45317 | B28: 45317 | C28: =23115475 -> 23115475 | F28: =SUM(Bajawa!$C28:$E28) -> 23115475
A29: 45318 | B29: 45318 | F29: =SUM(Bajawa!$C29:$E29) -> 0
A30: 45319 | B30: 45319 | F30: =SUM(Bajawa!$C30:$E30) -> 0
A31: 45320 | B31: 45320 | F31: =SUM(Bajawa!$C31:$E31) -> 0
A32: 45321 | B32: 45321 | C32: =23150135 -> 23150135 | F32: =SUM(Bajawa!$C32:$E32) -> 23150135
A33: 45322 | B33: 45322 | F33: =SUM(Bajawa!$C33:$E33) -> 0
A34: 45323 | B34: 45323 | F34: =SUM(Bajawa!$C34:$E34) -> 0
A35: 45324 | B35: 45324 | C35: =15341244+228000 -> 15569244 | F35: =SUM(Bajawa!$C35:$E35) -> 15569244
A36: 45325 | B36: 45325 | F36: =SUM(Bajawa!$C36:$E36) -> 0
A37: 45326 | B37: 45326 | F37: =SUM(Bajawa!$C37:$E37) -> 0
A38: 45327 | B38: 45327 | F38: =SUM(Bajawa!$C38:$E38) -> 0
A39: 45328 | B39: 45328 | C39: =14917324 -> 14917324 | F39: =SUM(Bajawa!$C39:$E39) -> 14917324
A40: 45329 | B40: 45329 | F40: =SUM(Bajawa!$C40:$E40) -> 0
A41: 45330 | B41: 45330 | F41: =SUM(Bajawa!$C41:$E41) -> 0
A42: 45331 | B42: 45331 | F42: =SUM(Bajawa!$C42:$E42) -> 0
A43: 45332 | B43: 45332 | F43: =SUM(Bajawa!$C43:$E43) -> 0
A44: 45333 | B44: 45333 | F44: =SUM(Bajawa!$C44:$E44) -> 0
A45: 45334 | B45: 45334 | C45: =32136919 -> 32136919 | F45: =SUM(Bajawa!$C45:$E45) -> 32136919
A46: 45335 | B46: 45335 | F46: =SUM(Bajawa!$C46:$E46) -> 0
A47: 45336 | B47: 45336 | F47: =SUM(Bajawa!$C47:$E47) -> 0
A48: 45337 | B48: 45337 | F48: =SUM(Bajawa!$C48:$E48) -> 0
A49: 45338 | B49: 45338 | C49: =21949024 -> 21949024 | F49: =SUM(Bajawa!$C49:$E49) -> 21949024
A50: 45339 | B50: 45339 | F50: =SUM(Bajawa!$C50:$E50) -> 0
A51: 45340 | B51: 45340 | F51: =SUM(Bajawa!$C51:$E51) -> 0
A52: 45341 | B52: 45341 | F52: =SUM(Bajawa!$C52:$E52) -> 0
A53: 45342 | B53: 45342 | C53: =25892804 -> 25892804 | F53: =SUM(Bajawa!$C53:$E53) -> 25892804
A54: 45343 | B54: 45343 | F54: =SUM(Bajawa!$C54:$E54) -> 0
A55: 45344 | B55: 45344 | F55: =SUM(Bajawa!$C55:$E55) -> 0
A56: 45345 | B56: 45345 | C56: =19310346 -> 19310346 | F56: =SUM(Bajawa!$C56:$E56) -> 19310346
A57: 45346 | B57: 45346 | F57: =SUM(Bajawa!$C57:$E57) -> 0
A58: 45347 | B58: 45347 | F58: =SUM(Bajawa!$C58:$E58) -> 0
A59: 45348 | B59: 45348 | F59: =SUM(Bajawa!$C59:$E59) -> 0
A60: 45349 | B60: 45349 | C60: =25603430 -> 25603430 | F60: =SUM(Bajawa!$C60:$E60) -> 25603430
A61: 45350 | B61: 45350 | F61: =SUM(Bajawa!$C61:$E61) -> 0
A62: 45351 | B62: 45351 | F62: =SUM(Bajawa!$C62:$E62) -> 0
A63: 45352 | B63: 45352 | C63: =23019729 -> 23019729 | F63: =SUM(Bajawa!$C63:$E63) -> 23019729
A64: 45353 | B64: 45353 | F64: =SUM(Bajawa!$C64:$E64) -> 0
A65: 45354 | B65: 45354 | F65: =SUM(Bajawa!$C65:$E65) -> 0
A66: 45355 | B66: 45355 | D66: =306000 -> 306000 | F66: =SUM(Bajawa!$C66:$E66) -> 306000
A67: 45356 | B67: 45356 | C67: =27783926 -> 27783926 | F67: =SUM(Bajawa!$C67:$E67) -> 27783926
A68: 45357 | B68: 45357 | F68: =SUM(Bajawa!$C68:$E68) -> 0
A69: 45358 | B69: 45358 | F69: =SUM(Bajawa!$C69:$E69) -> 0
A70: 45359 | B70: 45359 | C70: =14220281 -> 14220281 | F70: =SUM(Bajawa!$C70:$E70) -> 14220281
A71: 45360 | B71: 45360 | F71: =SUM(Bajawa!$C71:$E71) -> 0
A72: 45361 | B72: 45361 | F72: =SUM(Bajawa!$C72:$E72) -> 0
A73: 45362 | B73: 45362 | F73: =SUM(Bajawa!$C73:$E73) -> 0
A74: 45363 | B74: 45363 | F74: =SUM(Bajawa!$C74:$E74) -> 0
A75: 45364 | B75: 45364 | C75: =14481553 -> 14481553 | F75: =SUM(Bajawa!$C75:$E75) -> 14481553
A76: 45365 | B76: 45365 | F76: =SUM(Bajawa!$C76:$E76) -> 0
A77: 45366 | B77: 45366 | C77: =16722186 -> 16722186 | F77: =SUM(Bajawa!$C77:$E77) -> 16722186
A78: 45367 | B78: 45367 | F78: =SUM(Bajawa!$C78:$E78) -> 0
A79: 45368 | B79: 45368 | F79: =SUM(Bajawa!$C79:$E79) -> 0
A80: 45369 | B80: 45369 | F80: =SUM(Bajawa!$C80:$E80) -> 0
A81: 45370 | B81: 45370 | C81: =15482007+829000 -> 16311007 | F81: =SUM(Bajawa!$C81:$E81) -> 16311007
A82: 45371 | B82: 45371 | F82: =SUM(Bajawa!$C82:$E82) -> 0
A83: 45372 | B83: 45372 | F83: =SUM(Bajawa!$C83:$E83) -> 0
A84: 45373 | B84: 45373 | C84: =17778948+690000 -> 18468948 | F84: =SUM(Bajawa!$C84:$E84) -> 18468948
A85: 45374 | B85: 45374 | C85: =230000 -> 230000 | F85: =SUM(Bajawa!$C85:$E85) -> 230000
A86: 45375 | B86: 45375 | F86: =SUM(Bajawa!$C86:$E86) -> 0
A87: 45376 | B87: 45376 | C87: =50000 -> 50000 | F87: =SUM(Bajawa!$C87:$E87) -> 50000
A88: 45377 | B88: 45377 | C88: =16456338 -> 16456338 | F88: =SUM(Bajawa!$C88:$E88) -> 16456338
A89: 45378 | B89: 45378 | F89: =SUM(Bajawa!$C89:$E89) -> 0
A90: 45379 | B90: 45379 | C90: =16004906 -> 16004906 | F90: =SUM(Bajawa!$C90:$E90) -> 16004906
A91: 45380 | B91: 45380 | F91: =SUM(Bajawa!$C91:$E91) -> 0
A92: 45381 | B92: 45381 | F92: =SUM(Bajawa!$C92:$E92) -> 0
A93: 45382 | B93: 45382 | F93: =SUM(Bajawa!$C93:$E93) -> 0
A94: 45383 | B94: 45383 | F94: =SUM(Bajawa!$C94:$E94) -> 0
A95: 45384 | B95: 45384 | C95: =24095530 -> 24095530 | F95: =SUM(Bajawa!$C95:$E95) -> 24095530
A96: 45385 | B96: 45385 | F96: =SUM(Bajawa!$C96:$E96) -> 0
A97: 45386 | B97: 45386 | F97: =SUM(Bajawa!$C97:$E97) -> 0
A98: 45387 | B98: 45387 | C98: =17633862 -> 17633862 | F98: =SUM(Bajawa!$C98:$E98) -> 17633862
A99: 45388 | B99: 45388 | F99: =SUM(Bajawa!$C99:$E99) -> 0
A100: 45389 | B100: 45389 | F100: =SUM(Bajawa!$C100:$E100) -> 0
...
